M896_010050	1.4627	151.3	442.7	0.4512	0.3722	0.8250	
M896_010080	0.9633	117.7	344.3	0.3443	0.2162	0.6280	
M896_010090	0.5507	154.4	451.6	0.0694	0.0416	0.5989	
M896_010100	0.5571	262.1	766.9	0.0777	0.0462	0.5940	
M896_010110	0.4627	129.2	377.8	0.1684	0.0683	0.4056	
M896_010120	0.7372	111.6	326.4	0.1116	0.0811	0.7272	
M896_010130	0.7195	325.6	952.4	0.1854	0.1132	0.6104	
M896_010140	1.4868	9.2	26.8	0.8541	0.4749	0.5561	
M896_010150	0.6114	73.4	214.6	0.0454	0.0320	0.7063	
M896_010160	0.3724	183.4	536.6	0.0431	0.0187	0.4327	
M896_010180	3.7677	22.2	64.8	0.0587	0.2468	4.2078	
M896_010190	2.6761	65.0	190.0	0.3378	0.5949	1.7612	
M896_010200	1.4191	86.4	252.6	0.5474	0.3907	0.7137	
M896_010210	1.5250	88.7	259.3	1.0500	0.5146	0.4901	
M896_010220	2.0594	29.0	85.0	0.3320	0.4538	1.3670	
M896_010230	1.5318	49.7	145.3	0.7868	0.4776	0.6070	
M896_010240	2.2980	43.6	127.4	0.2972	0.4781	1.6083	
M896_010250	1.8991	47.4	138.6	0.3445	0.4264	1.2376	
M896_010270	1.5207	48.1	140.9	0.4388	0.3824	0.8713	
M896_010280	1.6518	84.8	248.2	0.5674	0.4610	0.8126	
M896_010290	1.8990	33.6	98.4	0.3896	0.4524	1.1612	
M896_010300	1.4570	9.2	26.8	0.5609	0.4049	0.7219	
M896_010310	1.4053	60.4	176.6	0.5427	0.3856	0.7106	
M896_010320	1.6792	71.8	210.2	0.6314	0.4872	0.7717	
M896_010330	1.5599	30.6	89.4	0.7963	0.4881	0.6130	
M896_010340	2.0662	56.6	165.4	0.2898	0.4240	1.4632	
M896_010350	1.9004	32.1	93.9	0.5067	0.5076	1.0018	
M896_010360	1.8252	35.9	105.1	0.3954	0.4378	1.1073	
M896_010370	1.7162	36.7	107.3	0.5812	0.4833	0.8316	
M896_010380	1.5338	55.8	163.2	0.7269	0.4666	0.6420	
M896_010390	1.3069	32.9	96.1	0.6889	0.3907	0.5671	
M896_010400	1.7442	40.5	118.5	0.6277	0.5051	0.8046	
M896_010410	1.7487	48.1	140.9	0.3589	0.4006	1.1162	
M896_010420	1.7281	10.7	31.3	0.3213	0.3745	1.1655	
M896_010430	2.1943	33.6	98.4	0.2981	0.4572	1.5337	
M896_010440	2.0911	59.6	174.4	0.3308	0.4600	1.3906	
M896_010450	1.4026	29.0	85.0	0.6181	0.4039	0.6535	
M896_010460	1.7870	87.9	257.1	0.4062	0.4340	1.0686	
M896_010470	2.3205	42.0	123.0	0.2104	0.3954	1.8795	
M896_010480	1.4275	26.0	76.0	0.4672	0.3687	0.7891	
M896_010490	1.6319	65.0	190.0	0.4934	0.4312	0.8739	
M896_010500	1.6074	104.7	306.3	0.4470	0.4074	0.9114	
M896_010510	1.9368	76.4	223.6	0.4380	0.4865	1.1109	
M896_010520	1.6960	66.5	194.5	0.3438	0.3804	1.1064	
M896_010530	2.2775	20.6	60.4	0.3443	0.5112	1.4847	
M896_010540	1.6900	73.4	214.6	0.3328	0.3729	1.1204	
M896_010550	1.6561	120.8	353.2	0.4750	0.4307	0.9069	
M896_010560	1.8110	50.4	147.6	0.4878	0.4763	0.9764	
M896_010570	1.6060	19.1	55.9	0.4828	0.4206	0.8710	
M896_010580	1.2235	20.6	60.4	0.5047	0.3263	0.6465	
M896_010590	2.4633	71.8	210.2	0.2708	0.4871	1.7983	
M896_010600	1.7892	50.4	147.6	0.2541	0.3412	1.3430	
M896_010610	1.8233	29.0	85.0	0.1956	0.2968	1.5175	
M896_010630	1.4615	48.1	140.9	0.4808	0.3821	0.7946	
M896_010640	1.6779	46.6	136.4	0.4881	0.4414	0.9043	
M896_010650	1.7316	50.4	147.6	0.5401	0.4743	0.8782	
M896_010670	2.0178	22.9	67.1	0.2645	0.3937	1.4885	
M896_010680	1.8989	61.9	181.1	0.2633	0.3696	1.4034	
M896_010690	2.7252	37.4	109.6	0.1256	0.3275	2.6078	
M896_010700	1.7517	61.1	178.9	0.3947	0.4198	1.0638	
M896_010710	2.0096	29.8	87.2	0.2601	0.3884	1.4932	
M896_010720	1.9384	68.0	199.0	0.4395	0.4877	1.1096	
M896_010730	1.4466	12.2	35.8	0.3227	0.3142	0.9737	
M896_010740	1.7647	46.6	136.4	0.2495	0.3330	1.3348	
M896_010750	1.4496	36.7	107.3	0.7060	0.4368	0.6188	
M896_010760	1.7623	113.9	333.1	0.4354	0.4416	1.0141	
M896_010770	1.9258	48.1	140.9	0.3188	0.4157	1.3038	
M896_010780	1.6788	35.9	105.1	0.2993	0.3505	1.1712	
M896_010790	2.1640	58.8	172.2	0.3847	0.5125	1.3322	
M896_010800	6.2981	27.5	80.5	0.0533	0.3797	7.1299	
M896_010810	2.2434	34.4	100.6	0.2197	0.3926	1.7870	
M896_010820	1.4746	25.2	73.8	0.4679	0.3811	0.8145	
M896_010830	1.7863	16.0	47.0	0.2513	0.3385	1.3470	
M896_010840	1.9231	26.0	76.0	0.6477	0.5630	0.8693	
M896_010850	2.2819	48.1	140.9	0.4352	0.5716	1.3136	
M896_010860	2.0470	19.9	58.1	0.4626	0.5265	1.1381	
M896_010870	1.8213	50.4	147.6	0.4070	0.4428	1.0878	
M896_010880	1.8336	28.3	82.7	0.2383	0.3369	1.4137	
M896_010890	1.5178	34.4	100.6	0.4351	0.3802	0.8738	
M896_010900	1.5585	140.6	411.4	0.3738	0.3641	0.9742	
M896_010910	1.7135	90.9	266.1	0.4330	0.4283	0.9891	
M896_010920	1.8189	38.2	111.8	0.6521	0.5338	0.8186	
M896_010930	1.9175	52.7	154.3	0.3292	0.4208	1.2780	
M896_010940	2.1774	52.0	152.0	0.5282	0.5913	1.1194	
M896_010950	1.7743	55.8	163.2	0.3689	0.4119	1.1167	
M896_010960	1.6487	153.6	449.4	0.6652	0.4871	0.7323	
M896_010970	1.8768	29.0	85.0	0.3093	0.3988	1.2891	
M896_010980	2.0677	63.4	185.6	0.3548	0.4710	1.3275	
M896_010990	1.2774	100.9	295.1	0.8777	0.4112	0.4685	
M896_011000	50.0000	3.8	11.2	0.0049	0.3187	64.4906	
M896_011010	1.3703	68.0	199.0	0.3889	0.3262	0.8387	
M896_011030	50.0000	27.5	80.5	0.0081	0.5180	63.9075	
M896_011040	2.1976	12.2	35.8	0.1516	0.3020	1.9918	
M896_011050	1.5823	29.8	87.2	0.2921	0.3261	1.1164	
M896_011060	1.6156	87.1	254.9	0.5338	0.4405	0.8253	
M896_011070	1.6224	64.2	187.8	0.4565	0.4149	0.9089	
M896_011080	1.6927	68.8	201.2	0.4239	0.4191	0.9888	
M896_011090	1.9059	104.7	306.3	0.3940	0.4564	1.1585	
M896_011100	1.7492	161.3	471.7	0.4073	0.4254	1.0444	
M896_011110	1.7597	78.7	230.3	0.6435	0.5140	0.7987	
M896_011120	1.9201	39.0	114.0	0.3560	0.4381	1.2306	
M896_011130	1.9837	96.3	281.7	0.6545	0.5829	0.8906	
M896_011140	13.5844	13.0	38.0	0.0122	0.2086	17.1645	
M896_011150	1.7539	64.2	187.8	0.3321	0.3866	1.1641	
M896_011160	1.7201	73.4	214.6	0.6347	0.5001	0.7878	
M896_011170	1.3920	127.6	373.4	0.5232	0.3766	0.7198	
M896_011180	1.7311	165.1	482.9	0.4253	0.4293	1.0092	
M896_011190	1.9536	72.6	212.4	0.4704	0.5061	1.0758	
M896_011200	1.6103	20.6	60.4	0.4983	0.4272	0.8573	
M896_011210	1.8108	21.4	62.6	0.8146	0.5705	0.7004	
M896_011220	1.2333	65.7	192.3	0.4875	0.3243	0.6651	
M896_011230	1.8259	129.2	377.8	0.5171	0.4916	0.9508	
M896_011240	1.6955	28.3	82.7	0.3623	0.3902	1.0770	
M896_011250	1.7231	64.2	187.8	0.5429	0.4729	0.8711	
M896_011260	1.6102	129.9	380.1	0.6567	0.4736	0.7212	
M896_011270	1.8899	51.2	149.8	0.3963	0.4539	1.1452	
M896_011280	1.7226	41.3	120.7	0.1967	0.2814	1.4308	
M896_011290	1.4202	46.6	136.4	0.9208	0.4633	0.5031	
M896_011300	1.4093	24.5	71.5	0.9224	0.4599	0.4986	
M896_011310	1.8296	45.9	134.1	0.3457	0.4115	1.1902	
M896_011320	1.6621	26.0	76.0	0.2379	0.3050	1.2825	
M896_011330	1.5325	37.4	109.6	0.2946	0.3173	1.0769	
M896_011340	1.9193	48.1	140.9	0.2561	0.3677	1.4356	
M896_011350	7.9225	18.3	53.7	0.0511	0.4608	9.0183	
M896_011360	1.9486	42.8	125.2	0.4273	0.4842	1.1331	
M896_011370	1.6502	53.5	156.5	0.3225	0.3583	1.1110	
M896_011380	1.5396	128.4	375.6	0.5610	0.4279	0.7627	
M896_011390	1.7387	72.6	212.4	0.4926	0.4591	0.9319	
M896_011400	1.6481	61.9	181.1	0.3736	0.3849	1.0304	
M896_011410	1.6200	152.1	444.9	0.4565	0.4143	0.9076	
M896_011420	1.3626	60.4	176.6	0.5235	0.3687	0.7043	
M896_011430	2.8961	8.4	24.6	0.0809	0.2479	3.0641	
M896_011440	1.5780	26.7	78.3	0.3165	0.3393	1.0721	
M896_011450	1.7928	42.8	125.2	0.3593	0.4109	1.1437	
M896_011460	1.5630	14.5	42.5	0.2969	0.3250	1.0944	
M896_011470	1.7075	16.0	47.0	0.4251	0.4233	0.9958	
M896_011480	2.0793	73.4	214.6	0.5991	0.5921	0.9885	
M896_011490	1.8728	40.5	118.5	0.2704	0.3700	1.3681	
M896_011500	1.7686	93.2	272.8	0.6316	0.5133	0.8126	
M896_011510	2.0063	48.1	140.9	0.2965	0.4168	1.4057	
M896_011520	1.6231	47.4	138.6	0.3465	0.3655	1.0546	
M896_011530	1.8185	71.8	210.2	0.3521	0.4127	1.1721	
M896_011540	1.6659	52.7	154.3	0.5530	0.4605	0.8327	
M896_011550	1.6588	35.9	105.1	0.5906	0.4699	0.7957	
M896_011560	1.5968	55.0	161.0	0.4757	0.4156	0.8736	
M896_011570	1.2545	81.0	237.0	0.6179	0.3613	0.5847	
M896_011580	1.6721	113.1	330.9	0.4341	0.4184	0.9639	
M896_011590	1.9088	58.1	169.9	0.3426	0.4273	1.2475	
M896_011600	1.1079	5.3	15.7	0.5573	0.3071	0.5511	
M896_011610	
M896_011620	1.9722	20.6	60.4	0.3390	0.4392	1.2956	
M896_011630	1.6149	22.2	64.8	0.3038	0.3399	1.1187	
M896_011650	2.1569	29.8	87.2	0.3988	0.5195	1.3026	
M896_011660	1.5755	18.3	53.7	0.2325	0.2853	1.2269	
M896_011670	1.7168	84.8	248.2	0.4689	0.4441	0.9472	
M896_011680	1.7600	74.9	219.1	0.5460	0.4841	0.8866	
M896_011690	2.0952	39.7	116.3	0.1965	0.3421	1.7409	
M896_011700	2.0235	31.3	91.7	0.4399	0.5093	1.1578	
M896_011710	1.8654	61.1	178.9	0.6896	0.5578	0.8089	
M896_011720	1.6693	65.7	192.3	0.5737	0.4679	0.8155	
M896_011730	2.0660	108.5	317.5	0.5543	0.5716	1.0311	
M896_011740	0.8976	12.2	35.8	0.2042	0.1501	0.7353	
M896_011750	1.4913	32.1	93.9	0.6084	0.4271	0.7020	
M896_011760	2.0326	15.3	44.7	0.1992	0.3348	1.6803	
M896_011770	1.7433	29.0	85.0	0.2690	0.3434	1.2765	
M896_011780	1.4219	26.0	76.0	0.6400	0.4146	0.6477	
M896_011790	2.5162	35.2	102.8	0.1602	0.3591	2.2420	
M896_011800	1.9931	29.0	85.0	0.3477	0.4495	1.2928	
M896_011810	1.6209	53.5	156.5	0.3267	0.3543	1.0844	
M896_011820	1.7012	97.1	283.9	0.5660	0.4744	0.8382	
M896_011830	1.9698	77.2	225.8	0.3779	0.4626	1.2241	
M896_011840	1.5650	98.6	288.4	0.5031	0.4168	0.8285	
M896_011850	1.6507	115.4	337.6	0.6307	0.4788	0.7591	
M896_011860	1.5000	76.4	223.6	0.5681	0.4189	0.7373	
M896_011870	1.6971	56.6	165.4	0.5727	0.4753	0.8300	
M896_011880	1.3716	28.3	82.7	0.5875	0.3878	0.6601	
M896_011890	1.3736	66.5	194.5	0.5523	0.3795	0.6871	
M896_011900	50.0000	19.1	55.9	0.0049	0.3182	64.4919	
M896_011910	1.3567	29.8	87.2	0.7615	0.4188	0.5500	
M896_011920	1.7543	148.3	433.7	0.4581	0.4494	0.9809	
M896_011930	1.9251	43.6	127.4	0.3164	0.4139	1.3081	
M896_011940	1.9113	68.8	201.2	0.5230	0.5170	0.9885	
M896_011960	2.0584	71.1	207.9	0.4463	0.5213	1.1682	
M896_011970	1.9281	65.0	190.0	0.5246	0.5221	0.9954	
M896_011980	1.6501	71.1	207.9	0.3258	0.3601	1.1055	
M896_011990	2.0352	46.6	136.4	0.3251	0.4437	1.3649	
M896_012000	1.9068	48.1	140.9	0.4458	0.4827	1.0828	
M896_012010	1.3799	159.0	465.0	0.4308	0.3441	0.7988	
M896_012020	1.4272	62.7	183.3	0.2750	0.2846	1.0348	
M896_012030	2.3371	46.6	136.4	0.3140	0.5005	1.5940	
M896_012040	1.7096	30.6	89.4	0.3648	0.3948	1.0821	
M896_012050	2.1876	78.0	228.0	0.3359	0.4850	1.4437	
M896_012060	1.1661	13.0	38.0	0.7607	0.3599	0.4731	
M896_012070	1.9622	34.4	100.6	0.2202	0.3439	1.5615	
M896_012080	1.7432	71.1	207.9	0.3216	0.3779	1.1752	
M896_012090	2.4066	40.5	118.5	0.3943	0.5766	1.4622	
M896_012100	1.8517	47.4	138.6	0.4368	0.4646	1.0637	
M896_012110	4.8803	49.7	145.3	0.0883	0.4481	5.0747	
M896_012120	1.7546	59.6	174.4	0.3997	0.4230	1.0583	
M896_012130	2.0525	65.0	190.0	0.2303	0.3695	1.6047	
M896_012140	3.0348	80.2	234.8	0.1721	0.4546	2.6411	
M896_012150	1.4568	90.2	263.8	0.4704	0.3774	0.8022	
M896_012160	1.8939	94.8	277.2	0.4587	0.4854	1.0582	
M896_012170	1.9182	58.1	169.9	0.4040	0.4647	1.1504	
M896_012180	2.7283	58.1	169.9	0.1365	0.3482	2.5512	
M896_012190	1.6673	126.1	368.9	0.3864	0.3957	1.0240	
M896_012200	1.6254	67.3	196.7	0.4840	0.4261	0.8803	
M896_012210	1.3654	40.5	118.5	0.6565	0.4016	0.6117	
M896_012220	1.7934	81.0	237.0	0.5679	0.5008	0.8817	
M896_012230	1.7893	105.5	308.5	0.6729	0.5307	0.7887	
M896_012240	1.4963	55.0	161.0	0.4212	0.3694	0.8771	
M896_012250	1.7075	45.9	134.1	0.2875	0.3489	1.2135	
M896_012260	2.0923	97.1	283.9	0.3342	0.4627	1.3843	
M896_012270	1.4864	103.2	301.8	0.4198	0.3665	0.8729	
M896_012280	1.7606	109.3	319.7	0.5074	0.4705	0.9273	
M896_012290	1.9118	65.7	192.3	0.4101	0.4664	1.1371	
M896_012300	2.0913	35.9	105.1	0.2986	0.4362	1.4605	
M896_012310	1.9269	22.9	67.1	0.3977	0.4635	1.1654	
M896_012320	1.7902	38.2	111.8	0.5995	0.5099	0.8506	
M896_012330	2.1168	68.8	201.2	0.3661	0.4896	1.3374	
M896_012340	1.8402	65.7	192.3	0.4733	0.4779	1.0097	
M896_012350	2.2359	58.8	172.2	0.3815	0.5275	1.3825	
M896_012360	1.6176	47.4	138.6	0.3851	0.3833	0.9953	
M896_012370	2.1675	23.7	69.3	0.1573	0.3055	1.9423	
M896_012380	1.7568	69.5	203.5	0.5818	0.4950	0.8507	
M896_012390	1.4046	29.0	85.0	0.6437	0.4103	0.6375	
M896_012400	1.7671	26.7	78.3	0.8111	0.5561	0.6856	
M896_012410	2.1990	21.4	62.6	0.1989	0.3618	1.8189	
M896_012420	1.4778	6.1	17.9	0.1485	0.2002	1.3481	
M896_012430	1.9411	71.1	207.9	0.4019	0.4692	1.1673	
M896_012440	2.0487	71.8	210.2	0.3645	0.4729	1.2973	
M896_012450	1.7355	101.6	297.4	0.4749	0.4514	0.9505	
M896_012460	1.9848	63.4	185.6	0.3085	0.4211	1.3652	
M896_012470	1.8730	38.2	111.8	0.4263	0.4649	1.0907	
M896_012480	1.5440	32.9	96.1	0.3546	0.3516	0.9917	
M896_012500	2.4165	95.5	279.5	0.3153	0.5186	1.6448	
M896_012510	1.7890	35.2	102.8	0.3929	0.4279	1.0891	
M896_012520	1.6626	71.1	207.9	0.3813	0.3921	1.0284	
M896_020020	1.0890	237.7	695.3	0.3097	0.2315	0.7476	
M896_020030	0.7145	506.7	1482.3	0.2347	0.1301	0.5543	
M896_020040	0.7482	56.6	165.4	0.1273	0.0908	0.7134	
M896_020050	0.6674	322.5	943.5	0.0934	0.0640	0.6859	
M896_020060	0.6865	380.6	1113.4	0.0776	0.0568	0.7321	
M896_020070	0.5312	294.2	860.8	0.0220	0.0144	0.6529	
M896_020080	2.1906	19.1	55.9	0.1699	0.3253	1.9145	
M896_020090	0.7270	350.8	1026.2	0.2136	0.1250	0.5854	
M896_020110	0.4858	139.9	409.1	0.0577	0.0314	0.5439	
M896_020120	0.5650	174.3	509.7	0.0408	0.0269	0.6604	
M896_020130	1.6733	19.9	58.1	0.2910	0.3441	1.1827	
M896_020140	0.5153	134.5	393.5	0.1291	0.0632	0.4894	
M896_020150	0.5142	158.2	462.8	0.1245	0.0614	0.4932	
M896_020160	1.4741	9.2	26.8	0.5478	0.4060	0.7411	
M896_020170	0.5435	407.3	1191.7	0.0692	0.0409	0.5914	
M896_020180	0.2823	96.3	281.7	2.5833	0.1115	0.0432	
M896_020190	0.6512	497.5	1455.5	0.1137	0.0727	0.6394	
M896_020210	1.6717	16.8	49.2	0.1713	0.2496	1.4572	
M896_020220	1.7460	33.6	98.4	0.3788	0.4105	1.0837	
M896_020230	2.1646	55.8	163.2	0.5013	0.5756	1.1484	
M896_020240	2.5334	96.3	281.7	0.2158	0.4385	2.0320	
M896_020250	1.9244	105.5	308.5	0.4208	0.4749	1.1285	
M896_020260	1.9879	104.7	306.3	0.4906	0.5240	1.0681	
M896_020270	1.9424	68.8	201.2	0.5311	0.5286	0.9953	
M896_020280	1.9418	121.5	355.5	0.3708	0.4519	1.2187	
M896_020290	1.7841	52.7	154.3	0.5001	0.4740	0.9478	
M896_020300	2.1339	14.5	42.5	0.3770	0.5005	1.3279	
M896_020310	3.1678	32.1	93.9	0.1500	0.4320	2.8810	
M896_020320	1.6050	72.6	212.4	0.3557	0.3661	1.0291	
M896_020330	1.7164	99.4	290.6	0.5026	0.4569	0.9092	
M896_020340	1.4627	49.7	145.3	0.3263	0.3195	0.9793	
M896_020350	1.4576	41.3	120.7	0.3957	0.3498	0.8840	
M896_020360	1.7842	140.6	411.4	0.4175	0.4388	1.0510	
M896_020370	1.8614	97.8	286.2	0.3592	0.4266	1.1877	
M896_020390	1.4851	50.4	147.6	0.3326	0.3276	0.9849	
M896_020410	1.0554	32.9	96.1	0.9151	0.3437	0.3756	
M896_020420	1.6342	126.9	371.1	0.5425	0.4484	0.8266	
M896_020430	1.6852	42.0	123.0	0.5460	0.4636	0.8490	
M896_020440	1.9529	28.3	82.7	0.4225	0.4828	1.1429	
M896_020450	1.8672	70.3	205.7	0.3884	0.4442	1.1436	
M896_020460	1.8282	130.7	382.3	0.4090	0.4454	1.0891	
M896_020470	1.6834	121.5	355.5	0.9170	0.5485	0.5981	
M896_020480	1.4067	29.0	85.0	1.0362	0.4731	0.4566	
M896_020490	1.6677	42.0	123.0	0.4118	0.4076	0.9897	
M896_020500	1.7645	59.6	174.4	0.3597	0.4047	1.1249	
M896_020510	2.4616	9.9	29.1	0.0909	0.2312	2.5445	
M896_020520	1.1808	9.2	26.8	0.8268	0.3736	0.4519	
M896_020530	1.2172	41.3	120.7	0.4964	0.3224	0.6495	
M896_020540	1.4244	53.5	156.5	0.2510	0.2697	1.0747	
M896_020550	50.0000	13.0	38.0	0.0035	0.2247	64.7655	
M896_020560	50.0000	8.4	24.6	0.0042	0.2728	64.6247	
M896_020570	1.6065	52.7	154.3	0.7716	0.4979	0.6453	
M896_020580	2.0247	69.5	203.5	0.3585	0.4636	1.2932	
M896_020590	1.7615	152.9	447.1	0.5948	0.5003	0.8411	
M896_020610	1.8365	63.4	185.6	0.4590	0.4708	1.0257	
M896_020620	2.1619	34.4	100.6	0.4994	0.5741	1.1494	
M896_020630	50.0000	44.3	129.7	0.0058	0.3711	64.3373	
M896_020640	1.9357	46.6	136.4	0.3423	0.4332	1.2655	
M896_020650	1.8314	35.9	105.1	0.3294	0.4020	1.2203	
M896_020660	2.1296	35.9	105.1	0.2438	0.3966	1.6263	
M896_020670	3.6167	58.1	169.9	0.0787	0.3026	3.8471	
M896_020680	1.0798	16.8	49.2	1.0455	0.3640	0.3481	
M896_020690	1.1149	19.1	55.9	1.0629	0.3773	0.3550	
M896_020700	1.2356	24.5	71.5	0.4820	0.3234	0.6708	
M896_020710	1.2222	45.9	134.1	0.5337	0.3332	0.6244	
M896_020730	2.7054	29.8	87.2	0.3412	0.6045	1.7716	
M896_020740	1.8106	48.1	140.9	0.3468	0.4079	1.1760	
M896_020750	1.9326	52.7	154.3	0.2352	0.3523	1.4980	
M896_020760	1.9057	24.5	71.5	0.4110	0.4653	1.1323	
M896_020770	2.0811	80.2	234.8	0.3554	0.4745	1.3351	
M896_020780	1.5611	87.9	257.1	0.4250	0.3870	0.9105	
M896_020790	2.0684	43.6	127.4	0.2153	0.3576	1.6605	
M896_020800	1.6682	65.0	190.0	0.5978	0.4747	0.7941	
M896_020840	0.4378	118.5	346.5	0.0749	0.0352	0.4698	
M896_020860	1.7264	16.0	47.0	0.6216	0.4982	0.8015	
M896_020870	1.8912	24.5	71.5	0.9680	0.6251	0.6458	
M896_020880	2.8726	17.6	51.4	0.1812	0.4452	2.4564	
M896_020890	2.4987	53.5	156.5	0.3194	0.5399	1.6901	
M896_020900	1.6304	69.5	203.5	0.6853	0.4865	0.7100	
M896_020910	1.8150	55.8	163.2	0.6962	0.5445	0.7821	
M896_020920	1.3620	28.3	82.7	0.6543	0.4001	0.6116	
M896_020930	1.3678	19.9	58.1	0.6055	0.3910	0.6458	
M896_020940	1.3718	21.4	62.6	0.5544	0.3795	0.6846	
M896_020950	1.4584	13.8	40.2	0.3190	0.3149	0.9872	
M896_020960	1.8804	47.4	138.6	0.5049	0.5015	0.9933	
M896_020970	2.6221	50.4	147.6	0.1834	0.4096	2.2327	
M896_020980	1.8974	31.3	91.7	0.1935	0.3068	1.5853	
M896_020990	1.7112	45.1	131.9	0.8818	0.5516	0.6255	
M896_021000	2.5989	58.8	172.2	0.3478	0.5862	1.6857	
M896_021020	1.7610	32.9	96.1	0.3622	0.4052	1.1189	
M896_021030	1.7846	39.0	114.0	0.2731	0.3545	1.2981	
M896_021040	1.6090	93.2	272.8	0.6270	0.4658	0.7428	
M896_021050	1.5941	40.5	118.5	0.4343	0.3990	0.9187	
M896_021060	1.4430	78.7	230.3	0.6449	0.4218	0.6541	
M896_021070	1.8347	166.6	487.4	0.9481	0.6031	0.6362	
M896_021080	1.8633	193.4	565.6	0.4400	0.4690	1.0660	
M896_021090	1.6620	258.3	755.7	0.4862	0.4365	0.8978	
M896_021100	2.1169	81.8	239.2	0.1904	0.3387	1.7791	
M896_021110	1.9418	64.2	187.8	0.3414	0.4340	1.2712	
M896_021120	2.2162	82.5	241.5	0.3291	0.4862	1.4774	
M896_021130	3.6560	6.9	20.1	0.1474	0.4927	3.3424	
M896_021140	1.8194	30.6	89.4	0.1805	0.2812	1.5580	
M896_021150	0.9773	13.0	38.0	0.4018	0.2362	0.5878	
M896_021160	1.6849	35.9	105.1	0.8554	0.5384	0.6295	
M896_021170	1.6305	44.3	129.7	0.3531	0.3706	1.0494	
M896_021180	1.6433	146.0	427.0	0.4627	0.4227	0.9136	
M896_021190	1.5075	104.7	306.3	0.6245	0.4357	0.6977	
M896_021200	1.7069	158.2	462.8	0.4098	0.4163	1.0157	
M896_021210	1.7683	52.0	152.0	0.3521	0.4013	1.1399	
M896_021220	1.8791	27.5	80.5	0.3518	0.4262	1.2117	
M896_021230	1.8235	28.3	82.7	0.3572	0.4168	1.1668	
M896_021240	2.5224	18.3	53.7	0.1852	0.3965	2.1406	
M896_021250	1.4665	50.4	147.6	0.3716	0.3417	0.9194	
M896_021260	1.5190	90.2	263.8	0.5217	0.4105	0.7868	
M896_021270	1.5305	77.2	225.8	0.3022	0.3212	1.0630	
M896_021280	1.9549	84.8	248.2	0.3250	0.4262	1.3112	
M896_021290	1.3740	35.9	105.1	0.4732	0.3568	0.7540	
M896_021300	1.8683	48.9	143.1	0.4081	0.4548	1.1142	
M896_021310	1.9203	70.3	205.7	0.5303	0.5223	0.9848	
M896_021320	1.6061	68.0	199.0	0.4996	0.4265	0.8537	
M896_021330	2.2482	97.1	283.9	0.4072	0.5467	1.3424	
M896_021340	1.7012	93.2	272.8	0.3818	0.4015	1.0515	
M896_021350	1.5915	78.7	230.3	0.4169	0.3911	0.9382	
M896_021360	1.8713	30.6	89.4	0.2486	0.3524	1.4176	
M896_021370	1.7510	36.7	107.3	0.3629	0.4033	1.1113	
M896_021380	1.5700	89.4	261.6	0.4524	0.4000	0.8842	
M896_021390	1.8860	71.8	210.2	0.3552	0.4299	1.2101	
M896_021400	1.5196	39.0	114.0	0.5420	0.4168	0.7690	
M896_021410	1.3524	84.8	248.2	0.5856	0.3819	0.6522	
M896_021420	1.9624	110.8	324.2	0.4843	0.5146	1.0624	
M896_021430	2.1917	107.0	313.0	0.3652	0.5064	1.3865	
M896_021440	1.6994	18.3	53.7	0.3233	0.3695	1.1428	
M896_021450	2.3676	33.6	98.4	0.1869	0.3743	2.0030	
M896_021470	50.0000	52.7	154.3	0.0057	0.3643	64.3572	
M896_021480	2.4553	3.8	11.2	0.3121	0.5241	1.6794	
M896_021490	1.8684	44.3	129.7	0.3060	0.3947	1.2900	
M896_021500	2.1593	101.6	297.4	0.3769	0.5064	1.3439	
M896_021510	1.9506	103.9	304.1	0.2424	0.3620	1.4933	
M896_021520	2.4690	74.9	219.1	0.2846	0.5017	1.7629	
M896_021550	1.3719	17.6	51.4	0.2667	0.2689	1.0084	
M896_021560	2.0541	70.3	205.7	0.2752	0.4098	1.4890	
M896_021570	1.6378	19.9	58.1	0.4398	0.4122	0.9372	
M896_021580	1.6785	20.6	60.4	0.2203	0.2942	1.3355	
M896_021590	3.0749	39.0	114.0	0.1094	0.3335	3.0477	
M896_021600	1.8006	60.4	176.6	0.8497	0.5743	0.6759	
M896_021610	1.6450	49.7	145.3	0.5533	0.4548	0.8220	
M896_021620	1.7216	75.7	221.3	0.5155	0.4630	0.8982	
M896_021630	1.2292	16.0	47.0	0.8280	0.3892	0.4700	
M896_021640	1.9461	15.3	44.7	0.2929	0.4016	1.3714	
M896_021650	1.2435	23.7	69.3	0.8193	0.3925	0.4790	
M896_021660	1.2906	13.0	38.0	0.4887	0.3397	0.6951	
M896_021670	1.4973	19.9	58.1	0.2613	0.2901	1.1104	
M896_021680	2.1149	58.1	169.9	0.7478	0.6492	0.8682	
M896_021690	1.6614	61.1	178.9	0.5528	0.4592	0.8306	
M896_021700	1.6992	62.7	183.3	0.2681	0.3341	1.2460	
M896_021710	0.9362	13.8	40.2	0.4709	0.2426	0.5153	
M896_021720	1.7074	74.1	216.9	0.4110	0.4169	1.0143	
M896_021730	1.7397	71.1	207.9	0.3898	0.4146	1.0635	
M896_021740	50.0000	13.0	38.0	0.0037	0.2381	64.7263	
M896_021750	1.6416	33.6	98.4	0.2541	0.3130	1.2321	
M896_021760	1.8448	90.2	263.8	0.3910	0.4403	1.1259	
M896_021780	1.6106	81.0	237.0	0.5307	0.4382	0.8257	
M896_021790	1.8984	43.6	127.4	0.6017	0.5415	0.8999	
M896_021800	1.7099	111.6	326.4	0.5464	0.4705	0.8611	
M896_021810	1.7098	90.2	263.8	0.4830	0.4478	0.9272	
M896_021820	1.8415	65.0	190.0	0.5034	0.4905	0.9745	
M896_021830	1.5923	39.7	116.3	0.3372	0.3537	1.0489	
M896_021840	1.6012	16.8	49.2	0.3648	0.3697	1.0134	
M896_021850	1.7321	74.1	216.9	0.6678	0.5124	0.7673	
M896_021860	1.9307	75.7	221.3	0.6368	0.5619	0.8824	
M896_021870	1.5504	52.7	154.3	0.4176	0.3813	0.9132	
M896_021880	1.8046	49.7	145.3	0.4605	0.4633	1.0059	
M896_030080	0.8923	156.7	458.3	0.2923	0.1840	0.6293	
M896_030090	0.6583	356.9	1044.1	0.0702	0.0502	0.7147	
M896_030100	0.5905	214.0	626.0	0.0989	0.0592	0.5993	
M896_030110	0.6349	221.6	648.4	0.0946	0.0616	0.6506	
M896_030120	1.3863	167.4	489.6	0.4313	0.3459	0.8020	
M896_030130	0.6529	114.6	335.4	0.0565	0.0414	0.7332	
M896_030140	0.7533	344.7	1008.3	0.1033	0.0782	0.7569	
M896_030150	0.5235	155.9	456.1	0.0340	0.0212	0.6230	
M896_030160	0.4755	121.5	355.5	0.0330	0.0187	0.5673	
M896_030170	0.6347	137.6	402.4	0.1157	0.0718	0.6205	
M896_030180	0.5565	253.0	740.0	0.1362	0.0709	0.5207	
M896_030190	0.5936	966.8	2828.2	0.0700	0.0451	0.6447	
M896_030200	0.4678	282.0	825.0	0.0626	0.0324	0.5173	
M896_030210	0.5118	91.7	268.3	0.0799	0.0433	0.5428	
M896_030220	0.5784	109.3	319.7	0.1185	0.0666	0.5619	
M896_030230	0.7830	86.4	252.6	0.1466	0.1051	0.7170	
M896_030240	0.5019	150.6	440.4	0.0881	0.0460	0.5222	
M896_030250	0.8083	71.8	210.2	0.3880	0.1922	0.4954	
M896_030260	0.7469	124.6	364.4	0.2876	0.1526	0.5308	
M896_030270	0.2633	110.1	321.9	0.0518	0.0155	0.2992	
M896_030280	0.5944	219.3	641.7	0.0733	0.0469	0.6405	
M896_030290	0.5128	350.8	1026.2	0.1038	0.0534	0.5147	
M896_030300	0.5535	155.1	453.9	0.0217	0.0148	0.6810	
M896_030310	0.8041	492.9	1442.1	0.1885	0.1278	0.6782	
M896_030320	0.4922	522.0	1527.0	0.0468	0.0265	0.5664	
M896_030330	1.0341	379.8	1111.2	0.3637	0.2384	0.6555	
M896_030350	0.6312	207.1	605.9	0.2183	0.1100	0.5040	
M896_030360	0.5695	265.2	775.8	0.0579	0.0369	0.6372	
M896_030370	0.4783	318.7	932.3	0.0434	0.0241	0.5554	
M896_030380	0.5516	230.8	675.2	0.1003	0.0560	0.5580	
M896_030390	0.7371	667.2	1951.8	0.2807	0.1487	0.5296	
M896_030400	0.4432	317.2	927.8	0.0234	0.0127	0.5428	
M896_030420	0.4866	124.6	364.4	0.1666	0.0713	0.4281	
M896_030430	0.7007	281.2	822.8	0.1551	0.0978	0.6306	
M896_030440	0.7183	327.9	959.1	0.1702	0.1068	0.6274	
M896_030450	0.5537	166.6	487.4	0.0989	0.0556	0.5620	
M896_030460	0.4314	142.9	418.1	0.1222	0.0508	0.4158	
M896_030470	0.6212	217.0	635.0	0.1080	0.0667	0.6177	
M896_030480	0.5189	240.0	702.0	0.0505	0.0299	0.5916	
M896_030490	0.6888	249.9	731.1	0.1335	0.0865	0.6481	
M896_030510	0.7517	105.5	308.5	0.0921	0.0714	0.7748	
M896_030520	0.5176	132.2	386.8	0.0417	0.0252	0.6036	
M896_030530	0.7160	418.0	1223.0	0.1642	0.1039	0.6329	
M896_030550	0.4783	174.3	509.7	0.0628	0.0332	0.5286	
M896_030560	0.7448	364.6	1066.4	0.2218	0.1311	0.5910	
M896_030570	0.4445	131.5	384.5	0.1396	0.0577	0.4130	
M896_030580	0.6971	90.2	263.8	0.1950	0.1132	0.5808	
M896_030590	0.5969	154.4	451.6	0.1179	0.0685	0.5807	
M896_030600	1.9588	13.0	38.0	0.3999	0.4724	1.1811	
M896_030610	0.4562	64.2	187.8	0.1360	0.0581	0.4270	
M896_030620	0.7111	268.3	784.7	0.1392	0.0920	0.6613	
M896_030630	0.6732	212.5	621.5	0.1695	0.0998	0.5888	
M896_030640	0.6312	562.5	1645.5	0.1148	0.0710	0.6182	
M896_030660	0.7222	224.7	657.3	0.2351	0.1316	0.5599	
M896_030670	0.6040	261.4	764.6	0.0888	0.0557	0.6273	
M896_030680	0.4865	119.2	348.8	0.0813	0.0418	0.5143	
M896_030690	3.3963	98.6	288.4	0.1552	0.4743	3.0565	
M896_030700	50.0000	16.8	49.2	0.0049	0.3181	64.4925	
M896_030710	1.6680	29.0	85.0	0.4162	0.4096	0.9843	
M896_030720	1.6340	101.6	297.4	0.4439	0.4129	0.9301	
M896_030730	1.5369	68.8	201.2	0.4424	0.3878	0.8765	
M896_030740	2.6365	96.3	281.7	0.2825	0.5336	1.8888	
M896_030750	1.7211	87.1	254.9	0.4796	0.4495	0.9371	
M896_030760	1.9712	105.5	308.5	0.4306	0.4915	1.1414	
M896_030770	2.0482	118.5	346.5	0.5930	0.5811	0.9800	
M896_030780	1.8776	113.1	330.9	0.3666	0.4346	1.1854	
M896_030790	1.7796	83.3	243.7	0.3557	0.4059	1.1412	
M896_030800	1.8081	51.2	149.8	0.4331	0.4520	1.0436	
M896_030810	1.7734	97.8	286.2	0.3793	0.4172	1.0999	
M896_030820	1.3395	56.6	165.4	0.4486	0.3400	0.7579	
M896_030830	1.6793	22.9	67.1	0.4683	0.4342	0.9271	
M896_030840	1.7388	78.7	230.3	0.4649	0.4482	0.9640	
M896_030850	1.8173	78.0	228.0	0.4597	0.4662	1.0141	
M896_030860	2.7208	48.1	140.9	0.1166	0.3096	2.6544	
M896_030870	1.6706	46.6	136.4	0.2756	0.3335	1.2102	
M896_030880	1.7660	11.5	33.5	0.2171	0.3068	1.4133	
M896_030890	1.6914	42.8	125.2	0.4667	0.4367	0.9357	
M896_030900	2.0494	26.0	76.0	0.1782	0.3141	1.7629	
M896_030910	1.6894	32.1	93.9	0.6217	0.4876	0.7843	
M896_030920	1.7516	84.8	248.2	0.5139	0.4705	0.9156	
M896_030930	1.4551	35.2	102.8	0.3513	0.3299	0.9390	
M896_030940	2.4974	21.4	62.6	0.1313	0.3100	2.3608	
M896_030950	1.7106	24.5	71.5	0.4610	0.4393	0.9530	
M896_030960	1.3990	60.4	176.6	0.5351	0.3818	0.7136	
M896_030970	1.5100	116.9	342.1	0.4284	0.3757	0.8769	
M896_030980	1.7469	36.7	107.3	0.3004	0.3655	1.2167	
M896_030990	2.1377	21.4	62.6	0.7319	0.6517	0.8905	
M896_031000	1.9809	45.9	134.1	0.3638	0.4568	1.2556	
M896_031010	1.8121	29.8	87.2	0.4925	0.4784	0.9714	
M896_031020	1.5825	35.2	102.8	0.3166	0.3404	1.0750	
M896_031030	1.4823	31.3	91.7	0.4370	0.3720	0.8513	
M896_031050	0.5068	674.8	1974.2	0.0660	0.0367	0.5558	
M896_031060	0.5874	185.0	541.0	0.1694	0.0870	0.5139	
M896_031070	0.6724	412.7	1207.3	0.2133	0.1156	0.5417	
M896_031080	0.2652	100.1	292.9	1.8318	0.1000	0.0546	
M896_031090	2.4408	12.2	35.8	0.1367	0.3118	2.2816	
M896_031100	0.5412	295.8	865.2	0.0676	0.0400	0.5913	
M896_031110	0.6261	100.1	292.9	0.0882	0.0574	0.6513	
M896_031120	0.4393	149.0	436.0	0.0716	0.0340	0.4752	
M896_031140	0.5796	141.4	413.6	0.0728	0.0455	0.6253	
M896_031150	0.9148	256.8	751.2	0.1451	0.1219	0.8402	
M896_031160	0.6307	609.9	1784.1	0.1122	0.0697	0.6213	
M896_031170	0.5824	545.7	1596.3	0.1418	0.0764	0.5386	
M896_031180	0.4719	135.3	395.7	0.0258	0.0148	0.5741	
M896_031190	0.6333	518.9	1518.1	0.1070	0.0676	0.6310	
M896_031200	0.7146	952.3	2785.7	0.1852	0.1123	0.6064	
M896_031210	0.6658	266.7	780.3	0.0860	0.0599	0.6960	
M896_031220	0.4453	72.6	212.4	0.0436	0.0225	0.5168	
M896_031230	0.8442	140.6	411.4	0.1341	0.1064	0.7934	
M896_031240	0.7376	139.9	409.1	0.1717	0.1103	0.6424	
M896_031250	0.5831	255.3	746.7	0.1560	0.0817	0.5239	
M896_031260	0.7202	70.3	205.7	0.1859	0.1135	0.6105	
M896_031270	0.5235	800.9	2343.1	0.0967	0.0516	0.5340	
M896_031280	0.4751	300.4	878.6	0.0757	0.0385	0.5089	
M896_031290	0.6114	655.0	1916.0	0.1077	0.0655	0.6084	
M896_031300	0.6126	174.3	509.7	0.2581	0.1179	0.4567	
M896_031310	1.5053	48.9	143.1	0.3773	0.3533	0.9362	
M896_031320	0.5547	454.7	1330.3	0.0598	0.0369	0.6177	
M896_031330	0.5599	64.2	187.8	0.2901	0.1150	0.3963	
M896_031340	0.4648	67.3	196.7	1.2081	0.1620	0.1341	
M896_031350	0.9636	186.5	545.5	0.4229	0.2383	0.5636	
M896_031360	0.4579	61.9	181.1	0.0666	0.0334	0.5015	
M896_031380	0.7953	136.8	400.2	0.1285	0.0972	0.7563	
M896_031390	0.8521	230.0	673.0	0.1649	0.1240	0.7521	
M896_031410	0.5274	124.6	364.4	0.0708	0.0405	0.5717	
M896_031420	0.4357	110.8	324.2	0.1062	0.0462	0.4349	
M896_031430	0.5428	71.1	207.9	1.6946	0.2020	0.1192	
M896_031440	0.6354	119.2	348.8	0.1377	0.0816	0.5926	
M896_031460	0.5169	376.8	1102.2	0.0470	0.0279	0.5946	
M896_031470	0.6661	586.2	1714.8	0.0717	0.0517	0.7204	
M896_031480	0.6931	87.9	257.1	0.2277	0.1239	0.5443	
M896_040020	0.5578	286.6	838.4	0.0735	0.0441	0.6007	
M896_040030	1.8315	103.2	301.8	0.5154	0.4925	0.9557	
M896_040040	1.5511	116.9	342.1	0.4625	0.3989	0.8625	
M896_040050	1.5504	54.3	158.7	0.3417	0.3466	1.0146	
M896_040060	2.1496	58.1	169.9	0.4167	0.5282	1.2675	
M896_040070	1.7446	172.0	503.0	0.4087	0.4249	1.0397	
M896_040080	2.0597	78.0	228.0	0.3565	0.4703	1.3193	
M896_040090	2.3303	34.4	100.6	0.1952	0.3789	1.9407	
M896_040100	1.7645	51.2	149.8	0.4244	0.4371	1.0300	
M896_040110	1.6865	82.5	241.5	0.4252	0.4181	0.9835	
M896_040120	2.3018	100.9	295.1	0.2575	0.4424	1.7177	
M896_040130	1.5989	131.5	384.5	0.4703	0.4141	0.8806	
M896_040140	1.7016	87.1	254.9	0.3935	0.4073	1.0351	
M896_040150	1.5755	34.4	100.6	0.4242	0.3902	0.9200	
M896_040160	2.0526	79.5	232.5	0.3707	0.4777	1.2884	
M896_040170	2.6394	133.0	389.0	0.2408	0.4879	2.0261	
M896_040180	1.7476	121.5	355.5	0.3444	0.3923	1.1390	
M896_040190	1.8239	102.4	299.6	0.3639	0.4206	1.1560	
M896_040200	1.9827	36.7	107.3	0.2768	0.3968	1.4335	
M896_040210	1.6736	56.6	165.4	0.4146	0.4103	0.9896	
M896_040220	1.4622	54.3	158.7	0.4619	0.3758	0.8137	
M896_040230	1.6499	79.5	232.5	0.6601	0.4862	0.7365	
M896_040240	2.0166	77.2	225.8	0.5939	0.5725	0.9639	
M896_040250	2.0628	47.4	138.6	0.2702	0.4074	1.5074	
M896_040260	2.2600	23.7	69.3	0.2127	0.3877	1.8230	
M896_040270	1.5804	79.5	232.5	0.3643	0.3647	1.0011	
M896_040280	2.0282	107.0	313.0	0.4195	0.4999	1.1915	
M896_040290	1.4943	80.2	234.8	0.3576	0.3417	0.9556	
M896_040300	2.0225	129.9	380.1	0.5183	0.5451	1.0517	
M896_040310	1.3976	56.6	165.4	0.3979	0.3362	0.8450	
M896_040320	1.9392	27.5	80.5	0.3357	0.4298	1.2801	
M896_040330	1.7294	78.7	230.3	0.3077	0.3664	1.1910	
M896_040340	1.8499	65.7	192.3	0.5561	0.5125	0.9214	
M896_040350	1.7080	32.1	93.9	0.4348	0.4277	0.9836	
M896_040360	6.5062	55.0	161.0	0.0501	0.3721	7.4246	
M896_040370	1.7970	79.5	232.5	0.3264	0.3926	1.2029	
M896_040390	1.8988	89.4	261.6	0.3072	0.4020	1.3085	
M896_040410	1.6808	97.1	283.9	0.4808	0.4394	0.9139	
M896_040420	2.7293	26.7	78.3	0.2266	0.4866	2.1478	
M896_040430	1.5130	36.7	107.3	0.3743	0.3537	0.9450	
M896_040440	1.5705	34.4	100.6	0.3127	0.3356	1.0731	
M896_040450	1.2642	16.8	49.2	0.6860	0.3774	0.5501	
M896_040460	1.7368	25.2	73.8	0.7165	0.5259	0.7340	
M896_040470	0.9683	4.6	13.4	99.0000	0.4316	0.0044	
M896_040480	1.8362	44.3	129.7	0.2790	0.3691	1.3229	
M896_040490	1.8135	167.4	489.6	0.5431	0.4978	0.9166	
M896_040500	1.8983	129.2	377.8	0.4666	0.4900	1.0503	
M896_040510	3.0185	22.9	67.1	0.1449	0.4019	2.7739	
M896_040520	1.3130	29.0	85.0	0.6569	0.3863	0.5880	
M896_040530	1.8792	65.0	190.0	0.3805	0.4428	1.1636	
M896_040540	2.2206	22.9	67.1	0.1257	0.2670	2.1246	
M896_040550	1.8486	16.0	47.0	0.8332	0.5863	0.7037	
M896_040560	1.9667	26.7	78.3	0.6270	0.5693	0.9080	
M896_040570	1.3293	20.6	60.4	0.7078	0.4009	0.5665	
M896_040580	2.2350	19.1	55.9	0.2097	0.3801	1.8125	
M896_040590	1.2476	31.3	91.7	0.5600	0.3465	0.6188	
M896_040610	1.5470	32.1	93.9	0.7327	0.4718	0.6440	
M896_040620	2.7711	42.8	125.2	0.2585	0.5337	2.0647	
M896_040630	2.0551	27.5	80.5	0.3257	0.4485	1.3770	
M896_040650	2.3263	73.4	214.6	0.3651	0.5374	1.4719	
M896_040660	1.6189	58.1	169.9	0.7641	0.5003	0.6547	
M896_040670	1.7338	73.4	214.6	0.3928	0.4146	1.0556	
M896_040680	1.7959	120.0	351.0	0.8378	0.5705	0.6810	
M896_040690	1.7051	73.4	214.6	0.6402	0.4972	0.7766	
M896_040700	1.9941	36.7	107.3	0.2466	0.3738	1.5156	
M896_040710	1.8331	40.5	118.5	0.2539	0.3494	1.3763	
M896_040720	2.9082	39.7	116.3	0.1322	0.3628	2.7439	
M896_040740	0.6958	201.8	590.2	0.1218	0.0817	0.6713	
M896_040750	0.5960	606.1	1772.9	0.0606	0.0402	0.6623	
M896_040760	0.6703	444.8	1301.2	0.0979	0.0667	0.6818	
M896_040770	0.3470	97.1	283.9	2.6844	0.1377	0.0513	
M896_040780	0.8854	78.7	230.3	0.1238	0.1053	0.8505	
M896_040790	0.4924	907.9	2656.1	0.0871	0.0447	0.5134	
M896_040800	0.8209	129.2	377.8	0.1404	0.1069	0.7614	
M896_040810	0.7510	305.7	894.3	0.1854	0.1181	0.6372	
M896_040820	0.8910	175.8	514.2	0.3021	0.1870	0.6189	
M896_040840	0.5955	188.0	550.0	0.0588	0.0391	0.6649	
M896_040850	1.0374	580.8	1699.2	0.3998	0.2501	0.6256	
M896_040860	0.3080	58.8	172.2	0.2552	0.0589	0.2308	
M896_040870	0.5217	198.7	581.3	0.0724	0.0408	0.5634	
M896_040880	0.6879	270.5	791.5	0.2262	0.1225	0.5417	
M896_040890	0.5656	480.0	1404.0	0.1085	0.0610	0.5617	
M896_040900	0.4662	184.2	538.8	0.1373	0.0597	0.4352	
M896_040920	0.4565	211.7	619.3	0.0255	0.0141	0.5559	
M896_040930	2.2775	33.6	98.4	0.3022	0.4780	1.5818	
M896_040940	0.5456	424.2	1240.8	0.0802	0.0464	0.5783	
M896_040960	1.8414	43.6	127.4	0.3017	0.3862	1.2798	
M896_040970	1.6237	69.5	203.5	0.3476	0.3662	1.0533	
M896_040980	2.3982	23.7	69.3	0.1439	0.3178	2.2082	
M896_040990	50.0000	31.3	91.7	0.0047	0.3008	64.5430	
M896_041010	1.8088	58.8	172.2	0.4867	0.4752	0.9765	
M896_041020	1.4115	21.4	62.6	0.5094	0.3778	0.7417	
M896_041030	2.3401	15.3	44.7	0.4223	0.5784	1.3698	
M896_041040	2.7403	55.8	163.2	0.1764	0.4172	2.3650	
M896_041050	1.9725	143.7	420.3	0.3401	0.4400	1.2938	
M896_041060	1.8645	65.0	190.0	0.3745	0.4360	1.1641	
M896_041070	1.5319	55.8	163.2	0.2894	0.3141	1.0854	
M896_041080	1.6467	52.7	154.3	0.3463	0.3706	1.0704	
M896_041090	2.0220	30.6	89.4	0.2161	0.3503	1.6209	
M896_041100	1.7071	32.1	93.9	0.4710	0.4424	0.9394	
M896_041110	1.6329	55.8	163.2	0.5302	0.4441	0.8375	
M896_041120	1.3134	32.1	93.9	0.5891	0.3718	0.6310	
M896_041130	1.6507	84.8	248.2	0.3206	0.3573	1.1146	
M896_041140	1.4209	115.4	337.6	0.3705	0.3306	0.8922	
M896_041150	1.7289	50.4	147.6	0.3838	0.4090	1.0656	
M896_041160	2.5975	35.9	105.1	0.2026	0.4324	2.1340	
M896_041170	1.9495	21.4	62.6	0.2077	0.3296	1.5867	
M896_041180	1.5445	25.2	73.8	0.6362	0.4494	0.7063	
M896_041190	1.7739	42.0	123.0	0.3565	0.4050	1.1362	
M896_041200	1.6169	225.5	659.5	0.4785	0.4219	0.8816	
M896_041210	1.5143	107.0	313.0	0.2940	0.3132	1.0653	
M896_041220	1.7704	32.9	96.1	0.4583	0.4536	0.9896	
M896_041230	1.5809	31.3	91.7	0.4575	0.4047	0.8847	
M896_041240	2.0682	3.1	8.9	0.3796	0.4867	1.2823	
M896_041260	2.1470	13.8	40.2	0.2219	0.3780	1.7034	
M896_041270	1.5984	68.8	201.2	0.4331	0.3995	0.9226	
M896_041280	1.8462	69.5	203.5	0.5230	0.4994	0.9548	
M896_041290	2.0667	125.3	366.7	0.3880	0.4914	1.2666	
M896_041300	1.8915	120.8	353.2	0.4923	0.4993	1.0142	
M896_041310	1.7670	74.9	219.1	0.3050	0.3727	1.2219	
M896_041320	2.0804	76.4	223.6	0.3408	0.4645	1.3632	
M896_041330	1.7059	33.6	98.4	0.3957	0.4094	1.0346	
M896_041340	2.6517	113.1	330.9	0.3008	0.5551	1.8456	
M896_041350	0.6205	217.0	635.0	0.1355	0.0788	0.5814	
M896_041370	1.6613	89.4	261.6	0.6953	0.4981	0.7165	
M896_041380	1.8175	92.5	270.5	0.3190	0.3924	1.2301	
M896_041390	1.7015	61.1	178.9	0.3342	0.3762	1.1258	
M896_041400	1.5656	33.6	98.4	0.3740	0.3659	0.9782	
M896_041410	2.3232	22.2	64.8	0.2029	0.3870	1.9077	
M896_041420	2.0884	13.8	40.2	0.1575	0.2946	1.8707	
M896_041430	2.0770	25.2	73.8	0.5051	0.5541	1.0968	
M896_041440	2.1836	27.5	80.5	0.2928	0.4506	1.5389	
M896_041450	1.5130	95.5	279.5	0.3646	0.3493	0.9580	
M896_041460	50.0000	5.3	15.7	0.0021	0.1348	65.0285	
M896_041470	1.4570	12.2	35.8	0.2535	0.2775	1.0946	
M896_041480	50.0000	3.8	11.2	0.0049	0.3132	64.5068	
M896_041490	1.5143	21.4	62.6	0.5684	0.4229	0.7441	
M896_041500	2.1278	42.0	123.0	0.2270	0.3798	1.6731	
M896_041510	2.0878	39.7	116.3	0.4889	0.5496	1.1241	
M896_041520	1.9367	65.0	190.0	0.3553	0.4415	1.2425	
M896_041530	2.1000	42.0	123.0	0.3116	0.4479	1.4374	
M896_041540	1.4457	62.7	183.3	0.7331	0.4410	0.6016	
M896_041550	2.4977	13.8	40.2	0.1431	0.3297	2.3035	
M896_041560	9.5936	15.3	44.7	0.0191	0.2265	11.8902	
M896_041570	0.8114	360.0	1053.0	0.2282	0.1453	0.6366	
M896_041580	0.6991	230.8	675.2	0.1887	0.1112	0.5894	
M896_041590	3.6316	42.8	125.2	0.1498	0.4950	3.3037	
M896_041600	0.5170	245.3	717.7	0.0736	0.0410	0.5566	
M896_041610	0.6052	698.5	2043.5	0.0806	0.0517	0.6408	
M896_041620	0.5688	165.1	482.9	0.0713	0.0439	0.6159	
M896_041630	0.6049	247.6	724.4	0.0812	0.0519	0.6395	
M896_041640	0.2835	90.9	266.1	0.0867	0.0257	0.2959	
M896_041650	0.6850	308.8	903.2	0.1243	0.0817	0.6574	
M896_041660	0.8473	262.9	769.1	0.0858	0.0760	0.8863	
M896_041670	0.6703	614.5	1797.5	0.1061	0.0710	0.6693	
M896_041680	0.4340	147.5	431.5	0.1208	0.0507	0.4197	
M896_041690	0.9330	251.4	735.6	0.1979	0.1530	0.7732	
M896_041700	0.5871	181.9	532.1	0.0807	0.0501	0.6215	
M896_041710	0.4525	276.7	809.3	0.0471	0.0245	0.5203	
M896_041720	0.7521	476.1	1392.9	0.2012	0.1246	0.6195	
M896_041730	0.6783	173.5	507.5	0.1420	0.0890	0.6271	
M896_041740	0.6079	214.0	626.0	0.1396	0.0788	0.5648	
M896_041750	0.6734	677.9	1983.1	0.1024	0.0694	0.6780	
M896_041760	0.7653	242.3	708.7	0.2187	0.1335	0.6107	
M896_041770	0.4590	106.2	310.8	0.0953	0.0448	0.4697	
M896_041780	0.7240	191.1	558.9	0.2495	0.1366	0.5476	
M896_041790	1.0346	179.6	525.4	0.1728	0.1554	0.8992	
M896_041800	2.0190	41.3	120.7	0.3125	0.4313	1.3801	
M896_041810	0.8850	201.0	588.0	0.2675	0.1738	0.6496	
M896_041820	0.2865	73.4	214.6	0.1206	0.0334	0.2771	
M896_041840	0.7116	264.4	773.6	0.1874	0.1127	0.6014	
M896_041850	0.6821	151.3	442.7	0.1114	0.0750	0.6732	
M896_041860	0.7759	78.0	228.0	0.1054	0.0818	0.7759	
M896_041870	0.6891	1073.8	3141.2	0.1039	0.0719	0.6914	
M896_041890	0.8167	443.3	1296.7	0.2136	0.1405	0.6577	
M896_041910	0.7069	263.7	771.3	0.2054	0.1187	0.5778	
M896_041920	0.5146	73.4	214.6	0.1364	0.0657	0.4812	
M896_041930	0.7044	253.7	742.3	0.1835	0.1100	0.5997	
M896_041940	2.6151	3.1	8.9	0.3433	0.5861	1.7072	
M896_041950	0.4850	151.3	442.7	0.0071	0.0044	0.6217	
M896_041960	0.8752	101.6	297.4	0.2734	0.1739	0.6363	
M896_041970	0.6490	529.6	1549.4	0.1663	0.0950	0.5713	
M896_041980	0.5424	312.6	914.4	0.0597	0.0361	0.6042	
M896_041990	0.7792	165.8	485.2	0.2945	0.1613	0.5477	
M896_042000	0.5199	377.5	1104.5	0.1091	0.0562	0.5158	
M896_042010	0.6236	274.4	802.6	0.0834	0.0547	0.6560	
M896_042020	0.6517	217.8	637.2	0.1718	0.0975	0.5675	
M896_042030	0.6195	199.5	583.5	0.2542	0.1182	0.4648	
M896_042040	0.4762	243.8	713.2	0.1273	0.0578	0.4540	
M896_042050	0.4946	145.2	424.8	0.1124	0.0547	0.4871	
M896_042060	0.5840	166.6	487.4	0.0879	0.0534	0.6078	
M896_042070	0.5239	164.3	480.7	0.0971	0.0518	0.5339	
M896_042080	0.6324	95.5	279.5	0.2639	0.1232	0.4670	
M896_042090	0.5559	225.5	659.5	0.1983	0.0913	0.4603	
M896_042100	0.4712	150.6	440.4	0.0809	0.0403	0.4987	
M896_042110	0.8532	58.8	172.2	0.1469	0.1147	0.7809	
M896_042120	0.6574	476.9	1395.1	0.1361	0.0838	0.6152	
M896_042130	0.6496	153.6	449.4	0.1767	0.0990	0.5603	
M896_042140	0.8730	48.9	143.1	0.1843	0.1368	0.7422	
M896_050050	1.4800	56.6	165.4	0.3673	0.3429	0.9335	
M896_050080	2.4602	66.5	194.5	0.3623	0.5662	1.5628	
M896_050090	2.0272	49.7	145.3	0.5484	0.5585	1.0185	
M896_050100	1.7878	54.3	158.7	0.3232	0.3886	1.2024	
M896_050120	1.2211	28.3	82.7	0.8414	0.3884	0.4616	
M896_050130	1.8487	62.7	183.3	0.4959	0.4895	0.9870	
M896_050140	2.1259	66.5	194.5	0.3067	0.4497	1.4661	
M896_050150	1.6789	50.4	147.6	0.3850	0.3977	1.0332	
M896_050160	2.0035	62.7	183.3	0.3137	0.4288	1.3670	
M896_050180	1.3924	52.0	152.0	0.4807	0.3640	0.7572	
M896_050190	2.4165	16.0	47.0	0.2219	0.4254	1.9174	
M896_050200	1.7869	61.9	181.1	0.2859	0.3640	1.2733	
M896_050210	1.6847	59.6	174.4	0.2807	0.3397	1.2105	
M896_050230	2.2544	48.1	140.9	0.2982	0.4698	1.5753	
M896_050240	1.9696	59.6	174.4	0.3914	0.4703	1.2015	
M896_050250	1.7100	66.5	194.5	0.4835	0.4481	0.9267	
M896_050260	1.6339	68.8	201.2	0.3315	0.3598	1.0854	
M896_050270	1.5637	63.4	185.6	0.7045	0.4709	0.6684	
M896_050280	1.5951	24.5	71.5	1.3460	0.5690	0.4227	
M896_050290	1.1502	19.9	58.1	0.2854	0.2341	0.8202	
M896_050300	1.8161	12.2	35.8	0.4177	0.4467	1.0695	
M896_050310	2.1609	29.8	87.2	0.2862	0.4405	1.5389	
M896_050320	1.6776	37.4	109.6	0.5376	0.4587	0.8532	
M896_050330	1.4418	67.3	196.7	0.5894	0.4082	0.6925	
M896_050340	3.0786	51.2	149.8	0.1733	0.4633	2.6728	
M896_050350	6.0404	10.7	31.3	0.0312	0.2259	7.2428	
M896_050360	1.9588	55.0	161.0	0.4265	0.4863	1.1403	
M896_050370	1.3457	27.5	80.5	0.4327	0.3363	0.7771	
M896_050380	1.7213	60.4	176.6	0.3870	0.4088	1.0564	
M896_050390	1.8255	107.8	315.2	0.3796	0.4296	1.1318	
M896_050410	1.7244	42.8	125.2	0.4316	0.4304	0.9972	
M896_050420	1.7450	34.4	100.6	0.3706	0.4060	1.0955	
M896_050430	1.7469	94.8	277.2	0.2955	0.3623	1.2259	
M896_050440	1.3759	103.2	301.8	0.6862	0.4108	0.5987	
M896_050450	1.7817	68.8	201.2	0.3148	0.3820	1.2138	
M896_050460	1.4722	34.4	100.6	0.6666	0.4353	0.6530	
M896_050470	1.5625	98.6	288.4	0.7018	0.4699	0.6697	
M896_050480	2.6470	48.1	140.9	0.4550	0.6760	1.4859	
M896_050490	1.5320	39.0	114.0	0.5266	0.4155	0.7891	
M896_050500	1.8238	82.5	241.5	0.5651	0.5083	0.8994	
M896_050510	1.7514	76.4	223.6	0.4059	0.4252	1.0476	
M896_050520	0.5558	439.4	1285.6	0.0659	0.0402	0.6098	
M896_050530	0.6045	123.0	360.0	0.1272	0.0733	0.5764	
M896_050540	0.5138	719.2	2103.8	0.0553	0.0320	0.5787	
M896_050550	0.3862	390.5	1142.5	0.0493	0.0218	0.4417	
M896_050570	0.8816	225.5	659.5	0.3283	0.1932	0.5885	
M896_050580	0.5323	288.1	842.9	0.0526	0.0318	0.6037	
M896_050590	0.5202	135.3	395.7	0.0897	0.0484	0.5391	
M896_050600	0.6869	607.6	1777.4	0.1411	0.0898	0.6362	
M896_050610	0.6129	356.1	1041.9	0.0635	0.0429	0.6763	
M896_050620	0.5535	418.0	1223.0	0.0981	0.0552	0.5627	
M896_050630	0.8061	502.9	1471.1	0.1953	0.1311	0.6712	
M896_050640	0.7279	202.5	592.5	0.1912	0.1168	0.6109	
M896_050650	0.5698	123.8	362.2	0.1257	0.0685	0.5451	
M896_050660	0.4989	273.6	800.4	0.0875	0.0455	0.5197	
M896_050670	1.2684	380.6	1113.4	0.3084	0.2691	0.8725	
M896_050680	0.6123	669.5	1958.5	0.0519	0.0361	0.6955	
M896_050690	0.6864	168.9	494.1	0.1922	0.1105	0.5749	
M896_050700	0.5297	269.8	789.2	0.1638	0.0767	0.4686	
M896_050710	1.0950	130.7	382.3	0.2169	0.1901	0.8766	
M896_050720	0.5726	160.5	469.5	0.0946	0.0555	0.5869	
M896_050740	0.4399	416.5	1218.5	0.0767	0.0361	0.4700	
M896_050750	0.3550	214.0	626.0	1.9579	0.1352	0.0690	
M896_050760	0.5260	175.0	512.0	0.0873	0.0479	0.5483	
M896_050770	0.6202	179.6	525.4	0.0980	0.0618	0.6307	
M896_050780	0.8557	287.4	840.6	0.2796	0.1722	0.6160	
M896_050790	0.5629	90.2	263.8	0.1482	0.0762	0.5138	
M896_050800	0.5864	463.9	1357.1	0.0865	0.0529	0.6124	
M896_050810	0.6017	235.4	688.6	0.0980	0.0600	0.6119	
M896_050820	0.5364	490.7	1435.3	0.0261	0.0170	0.6520	
M896_050830	0.5886	478.4	1399.6	0.0962	0.0578	0.6010	
M896_050840	0.5526	587.0	1717.0	0.0493	0.0311	0.6320	
M896_050850	0.4687	119.2	348.8	0.1031	0.0486	0.4712	
M896_050860	0.6845	139.1	406.9	0.0619	0.0469	0.7583	
M896_050870	1.8729	30.6	89.4	0.3364	0.4155	1.2352	
M896_050880	0.6197	321.0	939.0	0.1151	0.0698	0.6066	
M896_050890	0.6648	222.4	650.6	0.1710	0.0991	0.5798	
M896_050900	0.5445	113.1	330.9	0.0485	0.0302	0.6240	
M896_050910	0.6297	340.1	994.9	0.0988	0.0632	0.6391	
M896_050920	0.6927	98.6	288.4	0.2070	0.1169	0.5645	
M896_050930	0.6469	165.1	482.9	0.1381	0.0832	0.6029	
M896_050940	0.7023	442.5	1294.5	0.1944	0.1139	0.5858	
M896_050960	0.4736	361.5	1057.5	0.0156	0.0092	0.5927	
M896_050970	0.5013	39.0	114.0	0.0134	0.0084	0.6313	
M896_050980	0.5942	90.2	263.8	0.1132	0.0661	0.5841	
M896_050990	0.5830	374.5	1095.5	0.1490	0.0792	0.5313	
M896_051000	0.2711	79.5	232.5	1.8168	0.1021	0.0562	
M896_051010	0.5981	321.0	939.0	0.1733	0.0900	0.5193	
M896_051020	1.1045	139.9	409.1	0.0759	0.0897	1.1827	
M896_051030	0.7478	165.1	482.9	0.1199	0.0869	0.7244	
M896_051040	0.4942	384.4	1124.6	0.0665	0.0360	0.5413	
M896_051060	0.5904	269.8	789.2	0.0204	0.0148	0.7291	
M896_051070	0.7041	185.7	543.3	0.1368	0.0900	0.6579	
M896_051080	0.6669	809.3	2367.7	0.1563	0.0936	0.5988	
M896_051090	0.6647	657.3	1922.7	0.2006	0.1099	0.5481	
M896_051100	0.6058	66.5	194.5	0.0499	0.0345	0.6916	
M896_051110	0.7907	804.0	2352.0	0.1798	0.1219	0.6780	
M896_051120	0.8191	159.0	465.0	0.1752	0.1241	0.7085	
M896_051130	0.5812	175.8	514.2	0.0568	0.0370	0.6521	
M896_051140	0.6892	398.2	1164.8	0.1260	0.0830	0.6589	
M896_051150	0.6636	156.7	458.3	0.0487	0.0370	0.7600	
M896_051160	0.6119	1329.8	3890.2	0.1243	0.0730	0.5872	
M896_051170	0.4168	102.4	299.6	1.5713	0.1531	0.0975	
M896_051180	0.5553	633.6	1853.4	0.1089	0.0600	0.5511	
M896_051190	0.7705	688.6	2014.4	0.1947	0.1251	0.6423	
M896_051200	0.6429	270.5	791.5	0.1055	0.0678	0.6429	
M896_051210	0.5524	230.8	675.2	0.1090	0.0597	0.5480	
M896_051220	0.5198	124.6	364.4	0.1479	0.0702	0.4747	
M896_051230	0.3079	79.5	232.5	0.0110	0.0043	0.3902	
M896_051240	0.6645	133.0	389.0	0.0543	0.0407	0.7502	
M896_051250	0.6167	622.1	1819.9	0.0875	0.0562	0.6425	
M896_051330	0.5709	142.9	418.1	0.0603	0.0383	0.6349	
M896_051340	0.5583	181.1	529.9	0.1757	0.0848	0.4826	
M896_051350	0.5766	385.2	1126.8	0.0445	0.0297	0.6675	
M896_051360	0.5031	420.3	1229.7	0.0567	0.0320	0.5647	
M896_051370	0.8269	269.8	789.2	0.2404	0.1527	0.6353	
M896_051380	0.7634	1861.0	5444.0	0.1938	0.1236	0.6375	
M896_051390	0.6345	377.5	1104.5	0.1053	0.0668	0.6348	
M896_051400	0.5735	428.0	1252.0	0.0608	0.0387	0.6371	
M896_051410	0.6045	398.9	1167.1	0.0996	0.0610	0.6126	
M896_051420	0.4225	304.9	892.1	0.0122	0.0065	0.5338	
M896_051430	2.0451	51.2	149.8	0.1883	0.3249	1.7254	
M896_051440	0.6126	189.5	554.5	0.1600	0.0873	0.5460	
M896_051450	0.4930	154.4	451.6	0.0514	0.0288	0.5608	
M896_051460	0.5741	535.0	1565.0	0.0808	0.0491	0.6075	
M896_051470	1.7864	11.5	33.5	0.8007	0.5599	0.6993	
M896_051480	0.7217	665.7	1947.3	0.1756	0.1095	0.6239	
M896_051490	0.4980	82.5	241.5	0.0828	0.0435	0.5245	
M896_051500	0.6230	140.6	411.4	0.0854	0.0557	0.6523	
M896_051510	0.6960	289.7	847.3	0.1125	0.0771	0.6853	
M896_051520	0.6465	359.2	1050.8	0.2284	0.1158	0.5071	
M896_051550	0.9062	490.7	1435.3	0.3344	0.2004	0.5994	
M896_051560	0.6150	84.1	245.9	0.1708	0.0916	0.5366	
M896_051570	0.6619	119.2	348.8	0.1017	0.0679	0.6674	
M896_051580	0.6253	76.4	223.6	0.2486	0.1178	0.4736	
M896_051590	0.3807	94.0	275.0	0.1273	0.0462	0.3629	
M896_051610	0.7293	100.1	292.9	0.1299	0.0898	0.6915	
M896_051620	0.4622	216.3	632.7	0.0711	0.0356	0.5006	
M896_051630	0.7636	155.1	453.9	0.1125	0.0846	0.7517	
M896_051640	0.8168	327.1	956.9	0.1648	0.1188	0.7211	
M896_051650	0.7112	227.7	666.3	0.1746	0.1075	0.6160	
M896_051660	0.7291	298.8	874.2	0.1634	0.1055	0.6455	
M896_051670	0.8410	517.4	1513.6	0.2546	0.1606	0.6306	
M896_051680	0.6835	284.3	831.7	0.1646	0.0993	0.6037	
M896_051690	0.5943	350.0	1024.0	0.0676	0.0439	0.6492	
M896_051700	0.6260	317.2	927.8	0.0964	0.0616	0.6389	
M896_051710	1.6501	12.2	35.8	0.3279	0.3613	1.1021	
M896_051720	0.6079	484.5	1417.5	0.0409	0.0290	0.7104	
M896_051730	0.7078	197.2	576.8	0.1175	0.0810	0.6892	
M896_051740	0.6565	206.3	603.7	0.0301	0.0238	0.7894	
M896_051750	0.6341	781.8	2287.2	0.0659	0.0459	0.6956	
M896_051760	0.6364	466.2	1363.8	0.1139	0.0711	0.6247	
M896_051770	0.8889	171.2	500.8	0.3524	0.2018	0.5727	
M896_051780	0.4590	373.0	1091.0	0.0565	0.0291	0.5154	
M896_051790	0.6603	323.3	945.7	0.1028	0.0683	0.6642	
M896_051800	0.5978	441.7	1292.3	0.0521	0.0354	0.6787	
M896_051810	0.8027	259.8	760.2	0.2625	0.1559	0.5941	
M896_051820	0.7324	254.5	744.5	0.1906	0.1173	0.6153	
M896_051830	0.5334	138.3	404.7	0.2079	0.0902	0.4340	
M896_051840	2.2796	15.3	44.7	0.2214	0.4009	1.8102	
M896_051850	2.3507	130.7	382.3	0.3604	0.5396	1.4972	
M896_051860	2.2651	60.4	176.6	0.3867	0.5378	1.3905	
M896_051870	1.1900	14.5	42.5	0.2908	0.2447	0.8413	
M896_051880	1.9216	45.1	131.9	0.5169	0.5174	1.0009	
M896_051890	1.5202	99.4	290.6	0.4678	0.3929	0.8398	
M896_051900	1.8638	120.8	353.2	0.3942	0.4464	1.1326	
M896_051910	1.0719	9.9	29.1	0.6715	0.3177	0.4732	
M896_051930	1.4542	52.0	152.0	0.3874	0.3455	0.8919	
M896_051940	1.5096	40.5	118.5	0.3509	0.3420	0.9747	
M896_051950	1.6732	48.9	143.1	0.4598	0.4293	0.9336	
M896_051960	2.1506	57.3	167.7	0.5427	0.5902	1.0874	
M896_051970	1.0287	16.0	47.0	0.3656	0.2378	0.6504	
M896_051980	1.6635	61.1	178.9	0.5702	0.4652	0.8158	
M896_052000	1.9300	85.6	250.4	0.5830	0.5441	0.9334	
M896_052010	1.8167	45.9	134.1	0.5272	0.4929	0.9350	
M896_052020	1.4973	52.0	152.0	0.4786	0.3907	0.8163	
M896_052030	2.2116	68.8	201.2	0.3681	0.5129	1.3933	
M896_052040	1.6364	64.2	187.8	0.4767	0.4263	0.8942	
M896_052050	1.5775	62.7	183.3	0.5448	0.4335	0.7958	
M896_052060	1.4773	36.7	107.3	0.5166	0.3976	0.7697	
M896_052070	1.4381	22.9	67.1	0.3596	0.3298	0.9170	
M896_052080	1.9328	28.3	82.7	0.4948	0.5113	1.0333	
M896_052100	0.6632	306.5	896.5	0.1258	0.0798	0.6343	
M896_052110	0.7451	160.5	469.5	0.1390	0.0963	0.6931	
M896_052120	0.5157	120.8	353.2	0.1735	0.0776	0.4476	
M896_052130	0.3383	81.0	237.0	0.0544	0.0208	0.3819	
M896_052140	0.8400	57.3	167.7	0.0851	0.0749	0.8801	
M896_052150	0.6116	334.0	977.0	0.1013	0.0625	0.6173	
M896_052160	0.5277	243.0	711.0	0.1108	0.0578	0.5214	
M896_052170	0.5284	220.9	646.1	0.0857	0.0474	0.5528	
M896_052180	0.6183	421.9	1234.1	0.1212	0.0724	0.5973	
M896_060010	2.2629	35.9	105.1	0.1781	0.3467	1.9467	
M896_060020	1.9608	42.8	125.2	0.4732	0.5092	1.0760	
M896_060050	1.5443	286.6	838.4	0.6542	0.4537	0.6935	
M896_060060	0.9602	202.5	592.5	0.2989	0.2004	0.6703	
M896_060070	0.6891	97.1	283.9	0.4121	0.1685	0.4088	
M896_060080	0.7298	110.8	324.2	0.2425	0.1355	0.5587	
M896_060090	0.6271	480.0	1404.0	0.1065	0.0666	0.6256	
M896_060100	0.7029	328.6	961.4	0.1767	0.1071	0.6063	
M896_060110	0.6279	473.8	1386.2	0.1592	0.0892	0.5605	
M896_060120	0.6679	366.1	1070.9	0.1066	0.0710	0.6662	
M896_060130	0.5395	59.6	174.4	1.5245	0.1971	0.1293	
M896_060140	0.5228	52.7	154.3	0.2260	0.0931	0.4118	
M896_060150	0.8105	127.6	373.4	0.1031	0.0840	0.8149	
M896_060160	0.5082	314.1	918.9	0.1465	0.0682	0.4655	
M896_060170	0.3403	56.6	165.4	0.0857	0.0305	0.3560	
M896_060180	0.7704	560.2	1638.8	0.1850	0.1210	0.6540	
M896_060190	0.3334	51.2	149.8	1.8102	0.1255	0.0693	
M896_060200	0.4327	132.2	386.8	0.0094	0.0052	0.5511	
M896_060210	0.5202	569.4	1665.6	0.0454	0.0273	0.6008	
M896_060220	0.4448	155.1	453.9	0.0424	0.0219	0.5178	
M896_060230	0.8310	634.3	1855.7	0.2395	0.1531	0.6394	
M896_060240	0.5852	151.3	442.7	0.1612	0.0839	0.5203	
M896_060250	0.7886	205.6	601.4	0.3571	0.1802	0.5047	
M896_060260	1.0284	247.6	724.4	0.3688	0.2387	0.6473	
M896_060270	0.4745	162.8	476.2	0.0622	0.0327	0.5252	
M896_060280	0.4504	93.2	272.8	0.1834	0.0703	0.3835	
M896_060290	0.6711	675.6	1976.4	0.0988	0.0673	0.6812	
M896_060300	0.9611	220.1	643.9	0.2677	0.1888	0.7053	
M896_060310	0.8516	396.7	1160.3	0.1957	0.1387	0.7086	
M896_060320	0.5601	298.8	874.2	0.1111	0.0614	0.5531	
M896_060330	0.3052	52.7	154.3	2.6711	0.1210	0.0453	
M896_060340	0.6290	105.5	308.5	0.1438	0.0833	0.5793	
M896_060350	0.5153	531.9	1556.1	0.0533	0.0311	0.5833	
M896_060360	0.6619	166.6	487.4	0.0452	0.0346	0.7648	
M896_060370	0.6647	173.5	507.5	0.0368	0.0289	0.7852	
M896_060380	0.6270	559.4	1636.6	0.1137	0.0700	0.6156	
M896_060390	0.9000	309.5	905.5	0.2018	0.1494	0.7406	
M896_060400	0.6378	158.2	462.8	0.0840	0.0563	0.6699	
M896_060410	0.7388	150.6	440.4	0.1168	0.0841	0.7206	
M896_060430	0.7365	154.4	451.6	0.1727	0.1106	0.6402	
M896_060450	0.6314	585.4	1712.6	0.0878	0.0577	0.6572	
M896_060460	0.6890	101.6	297.4	1.0070	0.2301	0.2285	
M896_060470	0.6891	487.6	1426.4	0.1620	0.0991	0.6118	
M896_060480	0.7173	386.7	1131.3	0.2058	0.1206	0.5859	
M896_060490	0.7343	128.4	375.6	0.2674	0.1441	0.5391	
M896_060500	0.6061	709.2	2074.8	0.0582	0.0395	0.6777	
M896_060510	0.5321	217.0	635.0	0.1262	0.0642	0.5085	
M896_060520	0.5406	390.5	1142.5	0.0543	0.0332	0.6103	
M896_060530	0.8378	534.2	1562.8	0.2432	0.1558	0.6406	
M896_060540	0.5946	192.6	563.4	0.1047	0.0624	0.5955	
M896_060550	0.6389	297.3	869.7	0.1041	0.0667	0.6408	
M896_060560	0.7025	116.9	342.1	0.0861	0.0632	0.7343	
M896_060570	1.0513	188.0	550.0	0.2456	0.1966	0.8005	
M896_060580	0.6919	197.9	579.1	0.1414	0.0906	0.6404	
M896_060590	0.5989	58.1	169.9	0.1849	0.0940	0.5085	
M896_060600	0.6238	465.4	1361.6	0.2395	0.1150	0.4800	
M896_060610	0.4656	182.7	534.3	0.0666	0.0339	0.5099	
M896_060620	0.5043	129.2	377.8	0.1818	0.0783	0.4308	
M896_060630	0.6910	330.9	968.1	0.0919	0.0655	0.7126	
M896_060640	0.7468	667.2	1951.8	0.1676	0.1099	0.6557	
M896_060650	0.5377	136.8	400.2	0.1495	0.0732	0.4895	
M896_060660	0.8023	576.3	1685.7	0.2470	0.1505	0.6094	
M896_060670	0.7083	238.4	697.6	0.1872	0.1121	0.5988	
M896_060680	0.4558	136.0	398.0	0.0710	0.0351	0.4939	
M896_060690	0.6229	348.5	1019.5	0.1215	0.0730	0.6013	
M896_060700	0.8069	324.8	950.2	0.1398	0.1048	0.7493	
M896_060710	0.8337	189.5	554.5	0.1089	0.0901	0.8272	
M896_060720	0.5028	135.3	395.7	0.0280	0.0170	0.6081	
M896_060730	0.7599	334.0	977.0	0.2633	0.1479	0.5616	
M896_060740	0.7638	629.7	1842.3	0.2003	0.1262	0.6302	
M896_060760	0.6435	456.3	1334.7	0.1335	0.0808	0.6056	
M896_060770	0.5557	366.1	1070.9	0.0600	0.0371	0.6187	
M896_060780	0.9619	205.6	601.4	0.3529	0.2186	0.6193	
M896_060790	0.7482	98.6	288.4	0.1474	0.1008	0.6840	
M896_060800	0.5907	415.0	1214.0	0.1083	0.0636	0.5870	
M896_060810	0.7284	638.2	1866.8	0.1897	0.1163	0.6130	
M896_060820	0.4944	145.2	424.8	0.0912	0.0466	0.5107	
M896_060830	6.7600	13.0	38.0	0.0351	0.2817	8.0210	
M896_060840	0.6690	317.2	927.8	0.1519	0.0921	0.6061	
M896_060850	0.5827	423.4	1238.6	0.1030	0.0604	0.5858	
M896_060860	0.7374	537.3	1571.7	0.1872	0.1167	0.6235	
M896_060870	0.8416	148.3	433.7	0.1470	0.1132	0.7701	
M896_060880	0.3878	219.3	641.7	0.0606	0.0261	0.4310	
M896_060900	0.7782	499.8	1462.2	0.1742	0.1175	0.6746	
M896_060910	0.7403	1156.3	3382.7	0.1998	0.1221	0.6114	
M896_060920	0.5545	758.1	2217.9	0.0777	0.0460	0.5912	
M896_060930	0.8293	489.1	1430.9	0.2045	0.1388	0.6790	
M896_060940	0.7542	201.8	590.2	0.1897	0.1204	0.6347	
M896_060950	0.8800	249.1	728.9	0.2827	0.1782	0.6303	
M896_060960	0.6718	383.7	1122.3	0.0926	0.0640	0.6917	
M896_060970	0.6746	406.6	1189.4	0.0560	0.0425	0.7584	
M896_070050	1.6192	56.6	165.4	0.5299	0.4402	0.8308	
M896_070060	1.4273	53.5	156.5	0.4547	0.3645	0.8014	
M896_070070	1.7197	30.6	89.4	0.4531	0.4384	0.9676	
M896_070080	1.9106	20.6	60.4	0.4321	0.4771	1.1041	
M896_070090	1.9440	18.3	53.7	0.5858	0.5491	0.9374	
M896_070100	1.7435	38.2	111.8	0.5256	0.4725	0.8990	
M896_070110	1.7259	42.0	123.0	0.3648	0.3985	1.0924	
M896_070120	1.6801	16.0	47.0	1.1313	0.5771	0.5101	
M896_070130	1.7704	47.4	138.6	0.3681	0.4106	1.1153	
M896_070140	1.8840	42.8	125.2	0.2029	0.3139	1.5469	
M896_070150	2.1933	9.9	29.1	0.2317	0.3963	1.7106	
M896_070160	2.8822	24.5	71.5	0.8106	0.9068	1.1186	
M896_070170	1.8981	29.0	85.0	0.2256	0.3376	1.4961	
M896_070180	1.4489	62.7	183.3	0.6052	0.4142	0.6843	
M896_070190	1.7005	108.5	317.5	0.4154	0.4172	1.0045	
M896_070200	1.5618	66.5	194.5	0.3853	0.3701	0.9607	
M896_070210	1.7585	42.0	123.0	0.3556	0.4010	1.1278	
M896_070220	2.4265	23.7	69.3	0.1551	0.3388	2.1839	
M896_070230	2.0104	32.1	93.9	0.4532	0.5126	1.1311	
M896_070240	2.0278	39.0	114.0	0.2387	0.3729	1.5624	
M896_070250	1.7022	118.5	346.5	0.4710	0.4412	0.9366	
M896_070260	1.7196	84.1	245.9	0.4546	0.4390	0.9657	
M896_070270	2.1836	74.1	216.9	0.2484	0.4110	1.6548	
M896_070280	1.7675	50.4	147.6	0.6560	0.5197	0.7923	
M896_070300	2.4723	87.1	254.9	0.4348	0.6191	1.4238	
M896_070310	1.7280	55.8	163.2	0.3910	0.4124	1.0546	
M896_070320	1.9966	65.0	190.0	0.3706	0.4645	1.2536	
M896_070330	1.3792	20.6	60.4	0.8423	0.4388	0.5209	
M896_070340	2.0742	76.4	223.6	0.5288	0.5635	1.0656	
M896_070360	1.6569	36.7	107.3	0.5723	0.4640	0.8107	
M896_070370	1.7889	65.0	190.0	0.5394	0.4898	0.9079	
M896_070380	1.4764	31.3	91.7	0.4921	0.3897	0.7919	
M896_070390	1.8151	42.8	125.2	0.5954	0.5158	0.8662	
M896_070400	1.6492	29.8	87.2	0.2996	0.3445	1.1500	
M896_070410	1.5721	22.9	67.1	0.5545	0.4350	0.7845	
M896_070420	1.5982	42.8	125.2	0.4876	0.4203	0.8618	
M896_070430	1.6500	68.0	199.0	0.6091	0.4727	0.7761	
M896_070440	1.7632	126.1	368.9	0.4106	0.4303	1.0482	
M896_070450	1.5019	61.1	178.9	0.4485	0.3812	0.8500	
M896_070460	2.5518	11.5	33.5	0.2378	0.4683	1.9690	
M896_070470	1.1370	24.5	71.5	0.6234	0.3284	0.5269	
M896_070480	1.9537	116.2	339.8	0.5075	0.5222	1.0289	
M896_070490	6.1459	2.3	6.7	0.0215	0.1628	7.5655	
M896_070510	0.6662	214.8	628.2	0.0869	0.0604	0.6950	
M896_070520	0.6291	371.4	1086.6	0.0950	0.0612	0.6441	
M896_070530	0.7151	455.5	1332.5	0.2155	0.1237	0.5738	
M896_070540	0.5693	301.1	880.9	0.0999	0.0576	0.5765	
M896_070550	0.6612	219.3	641.7	0.1026	0.0683	0.6653	
M896_070560	0.5817	162.8	476.2	0.1237	0.0691	0.5589	
M896_070570	0.4806	174.3	509.7	0.0755	0.0389	0.5151	
M896_070580	1.3545	258.3	755.7	0.3361	0.3003	0.8937	
M896_070590	0.5043	112.3	328.7	0.0521	0.0299	0.5725	
M896_070600	0.8448	389.0	1138.0	0.1979	0.1385	0.7001	
M896_070610	0.4691	243.0	711.0	0.0292	0.0165	0.5654	
M896_070630	0.6838	186.5	545.5	0.0707	0.0524	0.7415	
M896_070650	0.6789	175.8	514.2	0.1265	0.0820	0.6483	
M896_070660	0.6997	401.2	1173.8	0.1757	0.1063	0.6047	
M896_070670	1.0407	236.2	690.8	0.2315	0.1879	0.8119	
M896_070680	1.0987	123.0	360.0	0.3072	0.2326	0.7572	
M896_080010	0.9450	168.1	491.9	0.5225	0.2555	0.4890	
M896_080020	0.5520	194.9	570.1	0.1047	0.0579	0.5530	
M896_080040	0.6384	185.0	541.0	0.0722	0.0498	0.6896	
M896_080050	0.3303	76.4	223.6	0.1259	0.0398	0.3159	
M896_080060	0.8147	170.4	498.6	0.1620	0.1172	0.7232	
M896_080070	0.6222	225.5	659.5	0.1300	0.0767	0.5898	
M896_080080	0.6981	1001.2	2928.8	0.1940	0.1130	0.5827	
M896_080090	0.6341	223.9	655.1	0.1999	0.1047	0.5235	
M896_080100	0.6768	286.6	838.4	0.1532	0.0937	0.6116	
M896_080110	0.4303	298.1	871.9	0.0256	0.0134	0.5238	
M896_080120	2.7884	22.9	67.1	0.2789	0.5604	2.0091	
M896_080130	0.6916	222.4	650.6	0.0626	0.0479	0.7649	
M896_080140	0.7079	677.9	1983.1	0.2413	0.1310	0.5430	
M896_080160	0.5114	94.8	277.2	0.1199	0.0594	0.4954	
M896_080170	0.7082	554.9	1623.1	0.1278	0.0862	0.6744	
M896_080180	0.6466	227.7	666.3	0.1238	0.0769	0.6211	
M896_080190	0.7694	210.2	614.8	0.1459	0.1029	0.7056	
M896_080200	0.6847	277.4	811.6	0.0862	0.0617	0.7154	
M896_080210	0.6200	555.6	1625.4	0.0981	0.0618	0.6303	
M896_080220	0.6341	275.9	807.1	0.1107	0.0694	0.6267	
M896_080230	0.7791	220.9	646.1	0.2345	0.1418	0.6046	
M896_080240	0.7446	256.0	749.0	0.1241	0.0887	0.7148	
M896_080250	0.7239	596.9	1746.1	0.1891	0.1153	0.6098	
M896_080260	0.6171	28.3	82.7	0.4100	0.1505	0.3671	
M896_080270	0.4144	207.1	605.9	0.0359	0.0176	0.4907	
M896_080280	0.4840	176.5	516.5	0.0842	0.0428	0.5081	
M896_080290	0.7705	283.5	829.5	0.1496	0.1049	0.7012	
M896_080300	0.5874	745.9	2182.1	0.1522	0.0809	0.5318	
M896_080310	1.0606	146.0	427.0	0.4483	0.2692	0.6004	
M896_080320	0.5585	227.0	664.0	0.1117	0.0615	0.5509	
M896_080330	1.0165	203.3	594.7	0.2322	0.1839	0.7921	
M896_080340	0.7207	249.9	731.1	0.3010	0.1510	0.5014	
M896_080350	0.7923	378.3	1106.7	0.2130	0.1361	0.6387	
M896_080360	0.5121	688.6	2014.4	0.0531	0.0308	0.5800	
M896_080370	0.8627	74.1	216.9	0.2126	0.1480	0.6960	
M896_080380	50.0000	10.7	31.3	0.0029	0.1870	64.8759	
M896_080390	0.6329	97.1	283.9	0.2000	0.1045	0.5225	
M896_080400	0.8511	331.7	970.3	0.1742	0.1285	0.7377	
M896_080410	0.5387	429.5	1256.5	0.0970	0.0533	0.5490	
M896_080420	0.5462	140.6	411.4	0.2026	0.0909	0.4488	
M896_080430	0.6170	291.2	851.8	0.1329	0.0772	0.5814	
M896_080440	0.5683	240.7	704.3	0.1142	0.0637	0.5574	
M896_080500	0.6046	193.4	565.6	0.1493	0.0822	0.5507	
M896_080510	0.7370	125.3	366.7	0.2415	0.1365	0.5651	
M896_080520	0.6111	454.7	1330.3	0.0971	0.0605	0.6228	
M896_080530	0.8449	392.1	1146.9	0.2005	0.1397	0.6968	
M896_080540	0.9412	242.3	708.7	0.3085	0.1997	0.6473	
M896_080550	0.6288	296.5	867.5	0.0856	0.0563	0.6580	
M896_080560	0.6310	95.5	279.5	0.0614	0.0430	0.6999	
M896_080570	0.7131	943.9	2761.1	0.1324	0.0891	0.6726	
M896_080580	0.7079	163.6	478.4	0.1762	0.1077	0.6112	
M896_080590	0.6366	286.6	838.4	0.1388	0.0822	0.5925	
M896_080600	0.7188	164.3	480.7	0.0751	0.0579	0.7712	
M896_080610	0.6119	111.6	326.4	0.1192	0.0708	0.5937	
M896_080620	0.6823	76.4	223.6	0.2870	0.1393	0.4853	
M896_080630	0.6928	170.4	498.6	0.1708	0.1032	0.6045	
M896_080650	0.6746	844.5	2470.5	0.1575	0.0952	0.6043	
M896_080660	0.7840	282.8	827.2	0.2061	0.1319	0.6400	
M896_080670	0.5220	151.3	442.7	0.1223	0.0615	0.5030	
M896_080680	0.8078	134.5	393.5	0.2298	0.1452	0.6320	
M896_080690	0.6397	126.1	368.9	0.1466	0.0859	0.5859	
M896_080700	0.5443	252.2	737.8	0.1942	0.0882	0.4542	
M896_080710	0.3871	191.1	558.9	0.0355	0.0163	0.4589	
M896_080720	0.5884	297.3	869.7	0.1280	0.0717	0.5602	
M896_080730	0.6014	305.7	894.3	0.0888	0.0555	0.6247	
M896_080740	0.6845	399.7	1169.3	0.1354	0.0869	0.6416	
M896_080750	0.6565	370.7	1084.3	0.1152	0.0740	0.6425	
M896_080760	0.6405	304.2	889.8	0.0920	0.0607	0.6604	
M896_080770	0.4628	250.7	733.3	0.0567	0.0294	0.5194	
M896_080780	0.6984	248.4	726.6	0.1970	0.1142	0.5798	
M896_080790	0.5374	201.8	590.2	0.1187	0.0619	0.5219	
M896_080800	0.6665	815.5	2385.5	0.1445	0.0886	0.6130	
M896_080810	1.0227	91.7	268.3	0.1045	0.1071	1.0249	
M896_080820	0.6366	565.6	1654.4	0.1352	0.0807	0.5969	
M896_080840	0.6030	152.1	444.9	0.1144	0.0677	0.5911	
M896_080850	0.6153	162.8	476.2	0.0742	0.0491	0.6616	
M896_080870	0.7315	319.5	934.5	0.1352	0.0927	0.6858	
M896_080880	0.6297	281.2	822.8	0.0756	0.0510	0.6746	
M896_080890	0.7862	146.0	427.0	0.0860	0.0707	0.8219	
M896_080900	0.8509	237.7	695.3	0.2688	0.1675	0.6233	
M896_080910	0.7928	2.3	6.7	0.3775	0.1861	0.4930	
M896_080920	1.5662	13.0	38.0	0.7371	0.4786	0.6493	
M896_080930	0.4861	154.4	451.6	0.0513	0.0284	0.5530	
M896_080940	0.9178	75.7	221.3	0.1528	0.1268	0.8299	
M896_080950	0.6586	55.8	163.2	0.1263	0.0795	0.6293	
M896_080960	0.5930	264.4	773.6	0.0751	0.0478	0.6362	
M896_080970	0.9234	68.8	201.2	0.2358	0.1686	0.7150	
M896_080980	0.8535	298.1	871.9	0.2676	0.1676	0.6264	
M896_080990	0.8127	167.4	489.6	0.3047	0.1713	0.5623	
M896_081000	0.2447	48.9	143.1	2.1791	0.0946	0.0434	
M896_081010	0.4996	319.5	934.5	0.0793	0.0421	0.5306	
M896_081020	0.6668	317.9	930.1	0.1746	0.1008	0.5775	
M896_081030	1.1681	188.0	550.0	0.2843	0.2372	0.8345	
M896_081040	0.4644	172.0	503.0	0.1222	0.0547	0.4477	
M896_081050	0.7307	193.4	565.6	0.1815	0.1134	0.6245	
M896_081060	0.7011	330.9	968.1	0.1735	0.1056	0.6086	
M896_081070	0.7710	146.0	427.0	0.2132	0.1325	0.6213	
M896_081080	0.7305	49.7	145.3	0.1480	0.0987	0.6671	
M896_081090	0.9716	346.2	1012.8	0.1815	0.1507	0.8304	
M896_081100	0.5998	561.7	1643.3	0.0931	0.0574	0.6168	
M896_081110	0.6950	288.9	845.1	0.1971	0.1137	0.5769	
M896_081120	0.4760	86.4	252.6	0.1359	0.0606	0.4456	
M896_081140	0.6467	279.7	818.3	0.1576	0.0913	0.5792	
M896_081150	0.4090	106.2	310.8	0.0617	0.0280	0.4534	
M896_081160	0.4405	337.0	986.0	0.0052	0.0030	0.5678	
M896_081170	1.0012	95.5	279.5	0.1660	0.1464	0.8817	
M896_081180	0.7898	87.1	254.9	0.2247	0.1401	0.6236	
M896_081190	0.5222	504.4	1475.6	0.0762	0.0426	0.5588	
M896_081200	0.5164	95.5	279.5	0.1300	0.0636	0.4896	
M896_081210	0.4626	55.0	161.0	0.5966	0.1315	0.2205	
M896_081220	0.7052	159.7	467.3	0.1822	0.1097	0.6019	
M896_081230	0.6960	251.4	735.6	0.1488	0.0944	0.6345	
M896_081240	0.4683	243.0	711.0	0.1110	0.0513	0.4626	
M896_081250	0.6629	505.2	1477.8	0.1117	0.0730	0.6538	
M896_081260	0.7850	178.1	520.9	0.1532	0.1087	0.7093	
M896_081270	1.8761	24.5	71.5	0.2687	0.3693	1.3744	
M896_081280	0.6999	100.9	295.1	0.1847	0.1098	0.5945	
M896_081290	0.6038	256.0	749.0	0.0190	0.0142	0.7486	
M896_081300	0.6770	216.3	632.7	0.1534	0.0938	0.6115	
M896_081310	0.5470	423.4	1238.6	0.0914	0.0516	0.5647	
M896_081320	0.3389	117.7	344.3	0.0365	0.0146	0.4006	
M896_081330	0.7447	121.5	355.5	0.2510	0.1410	0.5618	
M896_081340	0.5705	189.5	554.5	0.0330	0.0225	0.6807	
M896_081350	0.4588	101.6	297.4	0.1393	0.0594	0.4266	
M896_081360	0.4829	33.6	98.4	0.0547	0.0298	0.5447	
M896_081370	0.5795	228.5	668.5	0.2131	0.0995	0.4670	
M896_081380	0.6208	481.5	1408.5	0.1699	0.0922	0.5426	
M896_081390	0.7174	1161.7	3398.3	0.1594	0.1020	0.6402	
M896_081400	0.7628	78.7	230.3	0.1942	0.1236	0.6366	
M896_081410	1.9042	3.1	8.9	0.2399	0.3512	1.4642	
M896_081420	0.7723	166.6	487.4	0.3347	0.1709	0.5105	
M896_081440	0.7222	187.2	547.8	0.2260	0.1286	0.5689	
M896_081460	1.0387	126.9	371.1	0.1980	0.1704	0.8606	
M896_081480	0.5304	871.3	2548.7	0.0876	0.0484	0.5524	
M896_081490	0.5776	201.8	590.2	0.2311	0.1042	0.4510	
M896_081510	2.0002	162.8	476.2	0.3390	0.4455	1.3141	
M896_081530	1.8634	135.3	395.7	0.4728	0.4837	1.0232	
M896_081540	1.5611	87.1	254.9	0.4755	0.4062	0.8543	
M896_081550	1.6823	115.4	337.6	0.4439	0.4251	0.9577	
M896_081560	1.8088	118.5	346.5	0.3576	0.4136	1.1567	
M896_081570	1.7063	58.8	172.2	0.6392	0.4973	0.7779	
M896_081580	2.3102	41.3	120.7	0.5464	0.6356	1.1634	
M896_081590	1.8983	50.4	147.6	0.4875	0.4991	1.0238	
M896_081600	1.7340	71.1	207.9	0.3178	0.3737	1.1758	
M896_081610	1.7352	39.0	114.0	0.5117	0.4653	0.9093	
M896_081620	1.7691	13.0	38.0	0.3237	0.3849	1.1890	
M896_081630	1.3974	16.8	49.2	0.2919	0.2879	0.9863	
M896_081640	1.7332	159.0	465.0	0.6399	0.5053	0.7896	
M896_081650	1.6314	61.1	178.9	0.3632	0.3759	1.0349	
M896_081660	1.7202	75.7	221.3	0.4308	0.4290	0.9958	
M896_081670	1.5505	99.4	290.6	0.5965	0.4409	0.7391	
M896_081680	1.9145	13.8	40.2	0.2559	0.3666	1.4326	
M896_081690	1.8162	49.7	145.3	0.5206	0.4903	0.9419	
M896_081700	1.6882	68.8	201.2	0.4606	0.4334	0.9411	
M896_081710	1.6764	75.7	221.3	0.5691	0.4684	0.8231	
M896_081720	1.8144	27.5	80.5	0.4276	0.4510	1.0548	
M896_081730	1.6922	19.9	58.1	0.5005	0.4497	0.8985	
M896_090020	0.9043	136.0	398.0	0.1037	0.0941	0.9079	
M896_090030	0.8875	146.0	427.0	0.1692	0.1314	0.7768	
M896_090040	0.6800	494.5	1446.5	0.1058	0.0719	0.6795	
M896_090050	0.5015	327.1	956.9	0.0459	0.0266	0.5785	
M896_090060	0.7585	158.2	462.8	0.2175	0.1319	0.6065	
M896_090070	0.4334	56.6	165.4	0.7697	0.1342	0.1744	
M896_090080	0.9802	168.1	491.9	0.1140	0.1097	0.9617	
M896_090090	1.6807	8.4	24.6	0.2238	0.2974	1.3290	
M896_090100	0.8337	98.6	288.4	0.0667	0.0608	0.9128	
M896_090110	0.4877	151.3	442.7	0.0416	0.0237	0.5690	
M896_090120	0.6445	356.9	1044.1	0.1512	0.0884	0.5847	
M896_090130	0.7442	202.5	592.5	0.1763	0.1133	0.6424	
M896_090140	0.7089	312.6	914.4	0.1663	0.1038	0.6240	
M896_090150	0.6890	172.0	503.0	0.1739	0.1039	0.5975	
M896_090160	0.6161	725.3	2121.7	0.1544	0.0857	0.5553	
M896_090180	0.6362	223.2	652.8	0.0937	0.0612	0.6534	
M896_090190	0.6157	280.5	820.5	0.1046	0.0645	0.6168	
M896_090200	0.5348	286.6	838.4	0.0711	0.0412	0.5793	
M896_090210	0.4580	229.3	670.7	0.0478	0.0251	0.5258	
M896_090220	0.7610	317.9	930.1	0.2150	0.1314	0.6113	
M896_090230	0.5002	151.3	442.7	0.1103	0.0546	0.4949	
M896_090240	0.5357	522.0	1527.0	0.0581	0.0348	0.5992	
M896_090250	0.7302	168.1	491.9	0.1315	0.0907	0.6901	
M896_090260	0.5540	227.7	666.3	0.1419	0.0727	0.5122	
M896_090270	0.5148	87.1	254.9	0.0380	0.0230	0.6063	
M896_090280	0.4059	49.7	145.3	1.0704	0.1376	0.1286	
M896_090290	0.7275	238.4	697.6	0.2002	0.1202	0.6003	
M896_090300	0.5966	321.0	939.0	0.0893	0.0553	0.6189	
M896_090310	0.3854	122.3	357.7	0.0581	0.0251	0.4310	
M896_090320	0.7350	278.2	813.8	0.0944	0.0712	0.7536	
M896_090330	0.5282	110.1	321.9	0.0703	0.0403	0.5732	
M896_090340	0.6419	162.8	476.2	0.0350	0.0267	0.7618	
M896_090350	0.5923	100.1	292.9	0.1998	0.0977	0.4892	
M896_090360	0.7087	394.4	1153.6	0.1240	0.0844	0.6805	
M896_090370	0.2727	98.6	288.4	0.0548	0.0168	0.3075	
M896_090380	0.7459	331.7	970.3	0.2184	0.1301	0.5955	
M896_090390	1.4848	236.2	690.8	0.3573	0.3394	0.9498	
M896_090400	0.4955	144.4	422.6	0.2042	0.0829	0.4059	
M896_090410	0.9745	82.5	241.5	0.0924	0.0928	1.0037	
M896_090420	0.7263	133.0	389.0	0.2019	0.1206	0.5975	
M896_090430	0.6532	129.9	380.1	0.1151	0.0736	0.6395	
M896_090440	0.6782	165.1	482.9	0.1355	0.0861	0.6355	
M896_090450	0.6410	366.1	1070.9	0.0873	0.0583	0.6681	
M896_090460	0.8717	29.8	87.2	0.6328	0.2531	0.4000	
M896_090470	0.8066	191.1	558.9	0.2283	0.1445	0.6327	
M896_090480	0.7211	324.0	948.0	0.1077	0.0773	0.7175	
M896_090490	1.3199	196.4	574.6	0.3572	0.3017	0.8445	
M896_090500	0.8069	62.7	183.3	0.0472	0.0438	0.9277	
M896_090510	0.5195	430.3	1258.7	0.0952	0.0506	0.5316	
M896_090520	0.6968	227.0	664.0	0.1550	0.0972	0.6273	
M896_090560	1.9905	26.7	78.3	0.4681	0.5145	1.0993	
M896_090570	50.0000	19.1	55.9	0.0035	0.2275	64.7574	
M896_090580	1.6800	35.2	102.8	0.9057	0.5455	0.6023	
M896_090590	1.6653	151.3	442.7	0.4509	0.4237	0.9396	
M896_090600	1.5396	82.5	241.5	0.7072	0.4642	0.6565	
M896_090610	1.9238	68.8	201.2	0.3755	0.4505	1.1995	
M896_090620	1.3423	60.4	176.6	0.6372	0.3908	0.6132	
M896_090630	50.0000	14.5	42.5	0.0066	0.4255	64.1782	
M896_090640	1.6280	53.5	156.5	0.4206	0.4017	0.9550	
M896_090660	1.7294	26.0	76.0	0.3463	0.3893	1.1241	
M896_090670	1.8631	31.3	91.7	0.6039	0.5321	0.8811	
M896_090680	1.6740	68.8	201.2	0.4624	0.4305	0.9310	
M896_090690	1.3969	39.0	114.0	0.4811	0.3653	0.7593	
M896_090700	1.3046	65.7	192.3	0.4110	0.3186	0.7751	
M896_090710	1.7742	25.2	73.8	0.3889	0.4223	1.0859	
M896_090720	2.5553	72.6	212.4	0.2324	0.4625	1.9905	
M896_090730	2.2756	42.0	123.0	0.2211	0.3997	1.8082	
M896_090740	1.7634	85.6	250.4	0.5395	0.4828	0.8949	
M896_090750	2.2631	67.3	196.7	0.3223	0.4913	1.5241	
M896_090760	1.7443	37.4	109.6	0.4260	0.4328	1.0162	
M896_090770	1.9236	50.4	147.6	0.3100	0.4092	1.3198	
M896_090780	1.8265	56.6	165.4	0.3469	0.4115	1.1861	
M896_090790	2.3368	42.0	123.0	0.3611	0.5369	1.4870	
M896_090800	1.3996	39.0	114.0	0.6874	0.4181	0.6083	
M896_090810	1.6363	61.9	181.1	0.6738	0.4855	0.7206	
M896_090820	1.9493	85.6	250.4	0.2511	0.3692	1.4705	
M896_090830	1.5724	114.6	335.4	0.9039	0.5103	0.5645	
M896_090840	1.9155	59.6	174.4	0.3813	0.4518	1.1848	
M896_090850	1.8860	35.2	102.8	0.3952	0.4523	1.1445	
M896_090860	1.9046	25.2	73.8	0.2894	0.3905	1.3497	
M896_090870	1.3012	29.0	85.0	0.5627	0.3620	0.6435	
M896_090880	1.2032	5.3	15.7	99.0000	0.5363	0.0054	
M896_090890	1.6781	37.4	109.6	0.5499	0.4629	0.8417	
M896_090900	2.1097	46.6	136.4	0.4686	0.5456	1.1643	
M896_090910	1.4431	22.2	64.8	0.7119	0.4361	0.6126	
M896_090940	0.8750	4.6	13.4	0.6520	0.2568	0.3938	
M896_090950	1.4535	19.9	58.1	0.8018	0.4558	0.5685	
M896_090960	1.8175	70.3	205.7	0.7454	0.5573	0.7477	
M896_090970	2.5979	23.7	69.3	0.1395	0.3368	2.4140	
M896_090990	1.8075	81.8	239.2	0.4179	0.4447	1.0641	
M896_091000	1.4696	93.2	272.8	0.5265	0.3986	0.7570	
M896_091010	1.6338	159.7	467.3	0.5747	0.4582	0.7973	
M896_091020	1.4852	61.1	178.9	0.5180	0.4002	0.7725	
M896_091030	1.6962	19.1	55.9	0.2837	0.3441	1.2127	
M896_091050	0.6264	157.4	460.6	1.2242	0.2190	0.1789	
M896_091060	0.4578	113.9	333.1	0.0385	0.0207	0.5384	
M896_091080	0.5844	378.3	1106.7	0.0212	0.0152	0.7200	
M896_091090	0.5132	422.6	1236.4	0.0461	0.0273	0.5916	
M896_091100	0.6294	625.2	1828.8	0.1069	0.0671	0.6274	
M896_091110	0.5508	254.5	744.5	0.1067	0.0586	0.5493	
M896_091120	0.6793	490.7	1435.3	0.1504	0.0928	0.6172	
M896_091130	0.5538	135.3	395.7	0.0880	0.0507	0.5763	
M896_091140	0.5930	233.9	684.1	0.1682	0.0875	0.5201	
M896_091150	0.6447	223.9	655.1	0.1236	0.0766	0.6196	
M896_091160	0.5208	111.6	326.4	0.0292	0.0183	0.6278	
M896_091170	0.7906	45.1	131.9	0.8089	0.2486	0.3073	
M896_091180	0.8510	92.5	270.5	0.1337	0.1070	0.8005	
M896_091190	0.6459	711.5	2081.5	0.1510	0.0885	0.5862	
M896_091200	0.6085	185.7	543.3	0.1460	0.0814	0.5580	
M896_091210	0.6146	154.4	451.6	1.5947	0.2264	0.1419	
M896_091220	0.5785	341.6	999.4	0.1046	0.0606	0.5796	
M896_091230	0.7927	79.5	232.5	0.1042	0.0828	0.7949	
M896_091250	0.8264	321.8	941.2	0.2926	0.1705	0.5826	
M896_091260	2.4819	26.7	78.3	0.1969	0.4057	2.0606	
M896_091270	0.5712	551.0	1612.0	0.0626	0.0395	0.6318	
M896_091280	0.5089	267.5	782.5	0.1897	0.0812	0.4283	
M896_091290	0.4924	276.7	809.3	0.0547	0.0304	0.5555	
M896_091300	0.6870	338.6	990.4	0.2517	0.1303	0.5177	
M896_091310	0.5933	243.0	711.0	0.1357	0.0754	0.5558	
M896_091320	0.4962	426.5	1247.5	0.0380	0.0222	0.5843	
M896_091330	0.6417	64.2	187.8	0.1469	0.0863	0.5872	
M896_091340	0.6879	75.7	221.3	0.0516	0.0403	0.7820	
M896_091350	0.7120	307.2	898.8	0.1582	0.1008	0.6368	
M896_091360	0.6330	222.4	650.6	0.1181	0.0727	0.6155	
M896_091370	1.1853	97.1	283.9	0.1984	0.1947	0.9813	
M896_091380	0.8926	172.7	505.3	0.2736	0.1775	0.6486	
M896_091390	0.5469	188.0	550.0	0.1414	0.0716	0.5062	
M896_091400	0.5765	344.7	1008.3	0.0988	0.0578	0.5851	
M896_091410	0.7262	71.8	210.2	0.2855	0.1478	0.5178	
M896_091420	0.5892	200.2	585.8	0.0841	0.0520	0.6187	
M896_091430	0.6335	468.5	1370.5	0.1363	0.0808	0.5926	
M896_091440	0.5969	330.9	968.1	0.0980	0.0595	0.6071	
M896_091450	0.5991	111.6	326.4	0.0876	0.0547	0.6240	
M896_091460	0.6994	354.6	1037.4	0.1921	0.1125	0.5859	
M896_091470	1.0999	262.1	766.9	0.2426	0.2042	0.8418	
M896_091480	0.6083	165.1	482.9	0.1345	0.0768	0.5712	
M896_091490	0.6592	120.0	351.0	0.0767	0.0540	0.7044	
M896_091500	0.4493	252.2	737.8	0.0365	0.0194	0.5312	
M896_091510	0.7708	259.1	757.9	0.1574	0.1087	0.6907	
M896_091520	0.5487	130.7	382.3	0.0978	0.0546	0.5583	
M896_091530	1.8242	10.7	31.3	0.7157	0.5522	0.7715	
M896_091540	1.4862	19.1	55.9	0.3475	0.3351	0.9644	
M896_091550	1.2542	25.2	73.8	0.4628	0.3227	0.6972	
M896_091560	1.6630	66.5	194.5	0.3117	0.3548	1.1381	
M896_091570	1.7789	113.9	333.1	0.4365	0.4462	1.0223	
M896_091580	1.8412	86.4	252.6	0.4103	0.4492	1.0949	
M896_091590	1.7779	39.7	116.3	0.2545	0.3394	1.3335	
M896_091600	1.6823	69.5	203.5	0.5720	0.4710	0.8234	
M896_091610	1.5275	74.9	219.1	0.5492	0.4211	0.7668	
M896_091620	1.7543	84.8	248.2	0.4289	0.4367	1.0180	
M896_091630	1.8887	28.3	82.7	0.2397	0.3482	1.4527	
M896_091640	1.4123	8.4	24.6	0.4639	0.3637	0.7840	
M896_091650	3.0897	30.6	89.4	0.1427	0.4070	2.8522	
M896_091660	2.3111	51.2	149.8	0.1705	0.3440	2.0176	
M896_091670	1.4905	27.5	80.5	0.5481	0.4106	0.7491	
M896_091680	2.0681	26.0	76.0	0.3842	0.4895	1.2740	
M896_091690	1.5337	52.7	154.3	0.4364	0.3847	0.8814	
M896_091700	1.7562	84.8	248.2	0.3511	0.3980	1.1336	
M896_091710	1.6445	59.6	174.4	0.5473	0.4528	0.8272	
M896_091720	1.6243	64.2	187.8	0.4575	0.4158	0.9089	
M896_091730	2.5702	45.9	134.1	0.2366	0.4703	1.9873	
M896_091740	1.5995	31.3	91.7	0.4853	0.4197	0.8650	
M896_091750	1.9328	42.8	125.2	0.3124	0.4128	1.3214	
M896_091760	1.6469	60.4	176.6	0.3914	0.3932	1.0046	
M896_091780	1.3937	44.3	129.7	0.3678	0.3231	0.8785	
M896_091790	1.9274	100.1	292.9	0.6460	0.5638	0.8727	
M896_091800	1.3752	68.0	199.0	0.3022	0.2886	0.9550	
M896_091830	0.3654	226.2	661.8	0.0302	0.0133	0.4392	
M896_091840	0.4837	158.2	462.8	0.0252	0.0149	0.5894	
M896_091850	1.6367	37.4	109.6	0.4365	0.4105	0.9406	
M896_091860	1.7211	100.9	295.1	0.4485	0.4369	0.9740	
M896_091880	3.4836	52.7	154.3	0.1664	0.5102	3.0656	
M896_091890	2.2422	50.4	147.6	0.4130	0.5487	1.3286	
M896_091900	1.5040	29.8	87.2	0.5437	0.4130	0.7596	
M896_091910	2.3926	45.9	134.1	0.3112	0.5100	1.6387	
M896_091920	2.4368	30.6	89.4	0.1617	0.3500	2.1646	
M896_091930	1.5414	11.5	33.5	0.3782	0.3621	0.9575	
M896_091940	2.2517	48.9	143.1	0.2335	0.4088	1.7504	
M896_100010	0.7519	227.7	666.3	0.2264	0.1340	0.5918	
M896_100020	0.5173	362.3	1059.7	0.0991	0.0520	0.5246	
M896_100030	0.7575	266.0	778.0	0.2121	0.1297	0.6116	
M896_100040	1.9143	55.8	163.2	0.3781	0.4496	1.1894	
M896_100050	0.7992	252.2	737.8	0.1971	0.1307	0.6632	
M896_100060	0.8684	493.7	1444.3	0.2686	0.1709	0.6363	
M896_100070	0.5920	69.5	203.5	0.8009	0.1856	0.2317	
M896_100080	0.5472	91.7	268.3	0.1068	0.0583	0.5456	
M896_100090	0.6837	324.8	950.2	0.1457	0.0914	0.6273	
M896_100100	0.7385	122.3	357.7	0.2066	0.1244	0.6023	
M896_100110	0.9802	172.0	503.0	0.1387	0.1265	0.9124	
M896_100120	0.4528	262.1	766.9	0.0529	0.0271	0.5131	
M896_100130	0.5470	228.5	668.5	0.1103	0.0597	0.5412	
M896_100140	0.4564	113.9	333.1	0.1117	0.0503	0.4500	
M896_100150	0.7385	291.2	851.8	0.1894	0.1178	0.6219	
M896_100160	0.7113	163.6	478.4	0.1036	0.0740	0.7142	
M896_100170	0.4635	173.5	507.5	0.0489	0.0259	0.5307	
M896_100180	1.4043	223.9	655.1	0.5028	0.3739	0.7436	
M896_100190	0.5447	234.6	686.4	0.0916	0.0515	0.5621	
M896_100200	0.7016	83.3	243.7	0.1925	0.1131	0.5873	
M896_100210	0.5481	501.4	1466.6	0.0711	0.0422	0.5936	
M896_100220	0.5936	322.5	943.5	0.1933	0.0959	0.4961	
M896_100230	0.4980	219.3	641.7	0.1795	0.0767	0.4273	
M896_100240	0.7602	249.9	731.1	0.1918	0.1222	0.6372	
M896_100250	0.5414	144.4	422.6	0.1216	0.0636	0.5225	
M896_100260	0.8873	485.3	1419.7	0.3477	0.2001	0.5756	
M896_100270	0.5990	204.1	596.9	0.0665	0.0436	0.6562	
M896_100280	0.7453	157.4	460.6	0.1359	0.0948	0.6978	
M896_100290	0.7388	162.0	474.0	0.1411	0.0966	0.6842	
M896_100300	0.3513	60.4	176.6	1.4657	0.1274	0.0869	
M896_100310	0.6213	74.9	219.1	0.1321	0.0775	0.5863	
M896_100320	0.7461	202.5	592.5	0.1727	0.1120	0.6486	
M896_100330	0.6296	364.6	1066.4	0.1056	0.0665	0.6294	
M896_100340	0.7791	511.3	1495.7	0.1339	0.0981	0.7325	
M896_100350	0.8304	154.4	451.6	0.2474	0.1560	0.6303	
M896_100360	0.7650	480.7	1406.3	0.1449	0.1018	0.7031	
M896_100370	0.6342	258.3	755.7	0.0734	0.0502	0.6831	
M896_100380	0.6960	188.0	550.0	0.1148	0.0783	0.6817	
M896_100390	0.2983	58.8	172.2	0.6631	0.0880	0.1328	
M896_100400	0.6178	155.9	456.1	0.0387	0.0281	0.7262	
M896_100410	0.4105	132.2	386.8	0.0622	0.0283	0.4545	
M896_100420	0.3915	66.5	194.5	0.0216	0.0104	0.4818	
M896_100430	0.5188	266.7	780.3	0.0986	0.0519	0.5269	
M896_100440	0.6468	116.2	339.8	0.0809	0.0553	0.6844	
M896_100450	0.4942	230.8	675.2	0.0399	0.0231	0.5790	
M896_100460	0.6371	197.2	576.8	0.1323	0.0795	0.6010	
M896_100480	0.7171	72.6	212.4	0.1972	0.1173	0.5951	
M896_100490	0.4925	191.8	561.2	0.0572	0.0316	0.5521	
M896_100500	0.6796	165.1	482.9	0.0567	0.0432	0.7627	
M896_100510	0.6424	266.0	778.0	0.1327	0.0804	0.6055	
M896_100520	0.8492	144.4	422.6	0.1489	0.1152	0.7741	
M896_100530	0.5027	141.4	413.6	0.0623	0.0346	0.5564	
M896_100540	0.3855	204.1	596.9	0.1313	0.0478	0.3644	
M896_100550	0.6963	196.4	574.6	0.2698	0.1374	0.5092	
M896_100560	0.6184	133.0	389.0	0.1007	0.0629	0.6250	
M896_100570	0.6245	116.2	339.8	0.1493	0.0849	0.5688	
M896_100580	0.7755	201.0	588.0	0.2833	0.1572	0.5549	
M896_100590	0.5316	285.8	836.2	0.1039	0.0554	0.5335	
M896_100600	0.6164	207.1	605.9	0.0635	0.0432	0.6802	
M896_110010	1.5630	7.6	22.4	1.7212	0.5833	0.3389	
M896_110020	0.6228	337.8	988.2	0.0873	0.0567	0.6492	
M896_110030	0.6492	344.7	1008.3	0.0627	0.0450	0.7178	
M896_110040	0.8155	664.1	1942.9	0.2168	0.1416	0.6529	
M896_110050	0.5996	243.0	711.0	0.1231	0.0710	0.5768	
M896_110060	1.7599	69.5	203.5	0.4313	0.4391	1.0181	
M896_110070	2.1225	75.7	221.3	0.3073	0.4494	1.4625	
M896_110080	1.9043	97.1	283.9	0.4797	0.4973	1.0368	
M896_110090	1.7091	13.8	40.2	0.4162	0.4197	1.0084	
M896_110100	1.8211	14.5	42.5	0.4241	0.4510	1.0635	
M896_110110	2.4180	18.3	53.7	0.0800	0.2052	2.5636	
M896_110120	0.5486	364.6	1066.4	0.0980	0.0547	0.5580	
M896_110130	1.7355	14.5	42.5	0.4316	0.4331	1.0037	
M896_110140	0.4901	441.0	1290.0	0.1038	0.0511	0.4919	
M896_110150	0.6924	303.4	887.6	0.1874	0.1097	0.5852	
M896_110160	0.8085	321.8	941.2	0.1487	0.1096	0.7372	
M896_110170	0.6311	206.3	603.7	0.0838	0.0556	0.6632	
M896_110180	0.7616	424.9	1243.1	0.1551	0.1063	0.6855	
M896_110190	0.8957	382.1	1117.9	0.2366	0.1639	0.6926	
M896_110200	0.6985	100.1	292.9	0.2306	0.1259	0.5458	
M896_110210	0.7949	241.5	706.5	0.2227	0.1403	0.6298	
M896_110230	0.5570	530.4	1551.6	0.0279	0.0188	0.6738	
M896_110240	0.7556	752.0	2200.0	0.1668	0.1108	0.6645	
M896_110250	0.6694	71.8	210.2	0.1808	0.1036	0.5728	
M896_110260	0.8026	539.6	1578.4	0.2798	0.1616	0.5775	
M896_110270	0.6570	117.7	344.3	0.1410	0.0858	0.6086	
M896_110280	0.6885	174.3	509.7	0.1071	0.0735	0.6860	
M896_110290	0.4864	298.8	874.2	0.0035	0.0022	0.6298	
M896_110310	0.7836	196.4	574.6	0.3046	0.1652	0.5422	
M896_110320	0.7430	857.5	2508.5	0.2087	0.1260	0.6036	
M896_110330	0.7158	215.5	630.5	0.1955	0.1165	0.5958	
M896_110340	0.6914	310.3	907.7	0.1443	0.0918	0.6362	
M896_110350	0.5851	669.5	1958.5	0.0744	0.0468	0.6287	
M896_110360	0.7469	302.6	885.4	0.1336	0.0939	0.7027	
M896_110370	0.6304	779.5	2280.5	0.1582	0.0892	0.5639	
M896_110380	0.7280	75.7	221.3	0.2911	0.1498	0.5144	
M896_110390	0.6144	336.3	983.7	0.1729	0.0923	0.5338	
M896_110400	0.8884	167.4	489.6	0.2903	0.1825	0.6286	
M896_110410	0.3942	136.0	398.0	0.0434	0.0199	0.4577	
M896_110420	0.5725	107.8	315.2	0.1037	0.0596	0.5748	
M896_110430	0.6528	839.2	2454.8	0.1243	0.0779	0.6263	
M896_110440	0.6190	150.6	440.4	0.1074	0.0662	0.6163	
M896_110450	0.9548	198.7	581.3	0.1564	0.1341	0.8572	
M896_110460	0.5311	260.6	762.4	0.0547	0.0328	0.5991	
M896_120010	1.8127	34.4	100.6	0.4634	0.4666	1.0068	
M896_120020	1.6091	41.3	120.7	0.4489	0.4086	0.9102	
M896_120040	1.8266	28.3	82.7	0.2125	0.3132	1.4738	
M896_120050	1.4349	78.7	230.3	0.6375	0.4178	0.6553	
M896_120070	1.6848	28.3	82.7	0.3079	0.3571	1.1599	
M896_120080	1.3477	5.3	15.7	1.3007	0.4773	0.3670	
M896_120090	1.5212	19.9	58.1	0.6316	0.4415	0.6990	
M896_120100	2.0173	98.6	288.4	0.3056	0.4259	1.3937	
M896_120110	1.1980	45.1	131.9	0.4313	0.2989	0.6931	
M896_120120	1.8698	48.9	143.1	0.1799	0.2884	1.6029	
M896_120130	2.3716	130.7	382.3	0.2837	0.4810	1.6959	
M896_120150	2.0738	31.3	91.7	0.3690	0.4815	1.3050	
M896_120160	1.6052	38.2	111.8	0.7061	0.4838	0.6851	
M896_120170	1.9595	55.0	161.0	0.3439	0.4396	1.2781	
M896_120180	1.2909	21.4	62.6	0.8548	0.4125	0.4825	
M896_120200	1.1015	45.1	131.9	0.5001	0.2927	0.5852	
M896_120220	1.7999	35.2	102.8	0.4307	0.4489	1.0421	
M896_120230	1.9139	74.9	219.1	0.2724	0.3796	1.3937	
M896_120240	1.4241	30.6	89.4	0.6723	0.4223	0.6281	
M896_120260	1.6239	33.6	98.4	0.8523	0.5184	0.6083	
M896_120270	1.6158	63.4	185.6	0.4373	0.4056	0.9276	
M896_120280	1.3674	34.4	100.6	0.3974	0.3288	0.8274	
M896_120290	1.6822	74.1	216.9	0.4923	0.4441	0.9021	
M896_120300	1.6664	140.6	411.4	0.3772	0.3910	1.0366	
M896_120310	1.7165	88.7	259.3	0.5290	0.4664	0.8816	
M896_120320	1.9199	112.3	328.7	0.6482	0.5622	0.8674	
M896_120330	1.6229	132.2	386.8	0.6620	0.4787	0.7231	
M896_120340	1.7337	68.8	201.2	0.4266	0.4305	1.0091	
M896_120360	2.0184	42.0	123.0	0.3390	0.4495	1.3260	
M896_120370	1.1108	9.2	26.8	0.2554	0.2125	0.8319	
M896_120380	2.0974	68.8	201.2	0.5335	0.5718	1.0718	
M896_120390	1.6045	61.9	181.1	0.2254	0.2851	1.2653	
M896_120400	1.7170	38.2	111.8	0.3399	0.3829	1.1265	
M896_120410	1.8888	69.5	203.5	0.3913	0.4509	1.1524	
M896_120420	1.6645	41.3	120.7	0.5209	0.4495	0.8629	
M896_120430	1.9014	88.7	259.3	0.7852	0.5925	0.7546	
M896_120440	2.2903	36.7	107.3	0.3976	0.5508	1.3854	
M896_120450	
M896_120460	2.8840	22.9	67.1	0.1542	0.4010	2.6007	
M896_120470	1.9521	26.0	76.0	0.2640	0.3805	1.4412	
M896_120480	1.2667	50.4	147.6	0.4649	0.3265	0.7023	
M896_120490	1.5608	85.6	250.4	0.6681	0.4618	0.6912	
M896_120500	1.8395	117.7	344.3	0.5321	0.5010	0.9414	
M896_120510	1.5151	36.7	107.3	0.6940	0.4540	0.6542	
M896_120520	2.1059	58.8	172.2	0.3920	0.5032	1.2835	
M896_120530	1.5975	41.3	120.7	0.4547	0.4079	0.8970	
M896_120540	1.8857	46.6	136.4	0.4871	0.4956	1.0175	
M896_120550	1.9020	76.4	223.6	0.5192	0.5130	0.9880	
M896_120560	2.1106	52.0	152.0	0.2075	0.3566	1.7185	
M896_120570	3.0953	13.0	38.0	0.1652	0.4510	2.7306	
M896_120580	1.6593	63.4	185.6	0.6678	0.4909	0.7351	
M896_120590	50.0000	5.3	15.7	0.0076	0.4886	63.9936	
M896_120600	2.0406	46.6	136.4	0.2922	0.4206	1.4397	
M896_120610	1.5590	27.5	80.5	0.5369	0.4261	0.7935	
M896_120620	2.2206	12.2	35.8	0.1899	0.3547	1.8681	
M896_120630	1.7101	48.9	143.1	0.3579	0.3912	1.0931	
M896_120650	1.7707	71.1	207.9	0.5559	0.4904	0.8822	
M896_120660	1.9261	68.8	201.2	0.5058	0.5141	1.0163	
M896_120670	1.4217	74.1	216.9	0.3616	0.3269	0.9039	
M896_120680	1.7979	157.4	460.6	0.4174	0.4421	1.0591	
M896_120690	1.6648	14.5	42.5	0.1796	0.2564	1.4281	
M896_120700	1.5873	80.2	234.8	0.4719	0.4117	0.8725	
M896_120710	2.2892	49.7	145.3	0.2589	0.4413	1.7043	
M896_120720	1.4496	56.6	165.4	0.4733	0.3765	0.7954	
M896_120730	1.9381	32.9	96.1	0.2413	0.3587	1.4867	
M896_120750	2.2801	123.0	360.0	0.4191	0.5617	1.3403	
M896_120770	1.7198	99.4	290.6	0.3539	0.3913	1.1057	
M896_120780	1.4578	106.2	310.8	0.5958	0.4143	0.6954	
M896_120790	1.6290	96.3	281.7	0.3768	0.3820	1.0139	
M896_120800	1.7378	63.4	185.6	0.5497	0.4793	0.8719	
M896_120810	1.7988	89.4	261.6	0.4370	0.4514	1.0331	
M896_120820	50.0000	22.2	64.8	0.0045	0.2900	64.5745	
M896_120830	1.8965	32.1	93.9	0.3936	0.4540	1.1535	
M896_120840	1.6216	22.2	64.8	0.4729	0.4210	0.8902	
M896_120850	1.9197	27.5	80.5	0.1576	0.2710	1.7191	
M896_120860	1.8183	32.1	93.9	0.2741	0.3619	1.3204	
M896_120870	1.7961	44.3	129.7	0.1814	0.2785	1.5353	
M896_120880	2.5949	40.5	118.5	0.6836	0.7737	1.1318	
M896_120890	1.5370	28.3	82.7	0.4500	0.3907	0.8682	
M896_120900	2.0923	19.9	58.1	0.2374	0.3835	1.6157	
M896_120910	1.5802	40.5	118.5	0.4833	0.4140	0.8565	
M896_120920	8.8979	33.6	98.4	0.0399	0.4158	10.4262	
M896_120930	2.1605	60.4	176.6	0.2221	0.3806	1.7137	
M896_120940	1.4804	66.5	194.5	0.5595	0.4110	0.7347	
M896_120950	2.0511	32.9	96.1	0.3057	0.4331	1.4168	
M896_120960	1.8801	87.1	254.9	0.3512	0.4262	1.2133	
M896_120970	2.0230	71.1	207.9	0.5531	0.5592	1.0111	
M896_120980	2.0554	9.2	26.8	0.7398	0.6288	0.8499	
M896_120990	1.7307	94.0	275.0	0.4106	0.4225	1.0287	
M896_121000	1.6473	40.5	118.5	0.5332	0.4490	0.8420	
M896_121010	2.0454	161.3	471.7	0.2938	0.4229	1.4393	
M896_121020	1.6720	52.0	152.0	0.3410	0.3735	1.0952	
M896_121030	1.4073	34.4	100.6	0.4888	0.3704	0.7578	
M896_121040	1.5790	37.4	109.6	0.3775	0.3707	0.9818	
M896_121050	1.9825	52.0	152.0	0.4177	0.4877	1.1674	
M896_121060	1.9885	80.2	234.8	0.4987	0.5277	1.0581	
M896_121070	1.8295	122.3	357.7	0.5451	0.5029	0.9226	
M896_121080	2.1121	79.5	232.5	0.3564	0.4822	1.3530	
M896_121090	2.1614	31.3	91.7	0.7017	0.6501	0.9264	
M896_121100	1.8763	61.1	178.9	0.4059	0.4556	1.1223	
M896_121110	1.6202	46.6	136.4	0.6995	0.4868	0.6959	
M896_121120	1.0707	16.0	47.0	2.3955	0.4191	0.1749	
M896_121140	2.0693	48.9	143.1	0.3621	0.4761	1.3147	
M896_121150	1.5817	16.0	47.0	0.4234	0.3915	0.9245	
M896_121160	1.7664	139.1	406.9	0.5159	0.4752	0.9211	
M896_121170	1.6678	48.1	140.9	0.5966	0.4742	0.7949	
M896_121180	1.7806	56.6	165.4	0.3017	0.3734	1.2375	
M896_121190	1.7407	55.0	161.0	0.4974	0.4615	0.9277	
M896_121200	1.9097	46.6	136.4	0.6750	0.5670	0.8400	
M896_121210	1.6299	77.2	225.8	0.5906	0.4617	0.7818	
M896_121220	1.4200	214.8	628.2	0.3790	0.3339	0.8811	
M896_121240	2.3585	5.3	15.7	0.6500	0.6913	1.0636	
M896_121250	1.5599	37.4	109.6	0.2711	0.3086	1.1383	
M896_121260	1.6818	20.6	60.4	0.3214	0.3645	1.1341	
M896_121270	1.6882	13.0	38.0	0.6880	0.5044	0.7332	
M896_121280	1.4913	37.4	109.6	0.1660	0.2180	1.3136	
M896_121290	2.0361	27.5	80.5	0.1768	0.3104	1.7561	
M896_121300	1.9027	45.1	131.9	0.2319	0.3440	1.4834	
M896_121310	1.4233	22.9	67.1	0.3217	0.3087	0.9594	
M896_121320	1.8511	13.8	40.2	0.5960	0.5262	0.8828	
M896_121330	1.9405	250.7	733.3	0.4155	0.4762	1.1460	
M896_121340	2.1233	45.1	131.9	0.4135	0.5199	1.2574	
M896_121350	1.7423	225.5	659.5	0.4149	0.4273	1.0298	
M896_121360	50.0000	8.4	24.6	0.0070	0.4499	64.1066	
M896_121370	1.8012	28.3	82.7	0.3915	0.4301	1.0985	
M896_121380	1.8969	100.9	295.1	0.2795	0.3817	1.3654	
M896_121390	1.9052	35.2	102.8	0.3415	0.4259	1.2470	
M896_121400	1.4750	25.2	73.8	0.4425	0.3722	0.8412	
M896_121410	2.0834	60.4	176.6	0.3228	0.4526	1.4021	
M896_121420	1.6825	43.6	127.4	0.5665	0.4693	0.8284	
M896_121430	1.9581	60.4	176.6	0.4246	0.4852	1.1428	
M896_121440	2.0762	58.1	169.9	0.3761	0.4865	1.2935	
M896_121450	1.4535	54.3	158.7	0.6044	0.4153	0.6870	
M896_121460	1.7660	110.8	324.2	0.4704	0.4575	0.9724	
M896_121470	1.5106	27.5	80.5	0.8385	0.4800	0.5724	
M896_121480	1.8211	70.3	205.7	0.4071	0.4427	1.0876	
M896_121490	1.4013	59.6	174.4	0.7711	0.4343	0.5632	
M896_121500	1.8195	29.8	87.2	0.7675	0.5630	0.7336	
M896_121510	1.5291	35.2	102.8	0.3036	0.3217	1.0597	
M896_121520	2.8031	22.9	67.1	0.2123	0.4803	2.2627	
M896_121530	1.9931	24.5	71.5	0.2615	0.3864	1.4775	
M896_121540	1.9371	29.8	87.2	0.6435	0.5658	0.8793	
M896_121550	1.5368	42.8	125.2	0.6176	0.4425	0.7164	
M896_121560	1.7500	21.4	62.6	0.7986	0.5481	0.6863	
M896_121570	1.6688	42.8	125.2	0.5703	0.4667	0.8184	
M896_121580	1.6978	13.0	38.0	0.2749	0.3385	1.2313	
M896_121590	1.9932	13.8	40.2	0.5175	0.5369	1.0374	
M896_121600	1.4532	36.7	107.3	0.5005	0.3862	0.7717	
M896_121610	1.6662	22.9	67.1	1.1422	0.5736	0.5022	
M896_121620	1.4851	53.5	156.5	0.3627	0.3420	0.9428	
M896_121630	1.7890	85.6	250.4	0.5351	0.4883	0.9125	
M896_121640	1.1820	20.6	60.4	0.3524	0.2684	0.7615	
M896_121650	1.8272	123.8	362.2	0.4618	0.4696	1.0170	
M896_121660	1.4953	84.1	245.9	0.5865	0.4225	0.7204	
M896_121670	1.5786	100.1	292.9	0.8656	0.5062	0.5847	
M896_121680	1.9494	136.0	398.0	0.3844	0.4615	1.2006	
M896_121690	1.6576	69.5	203.5	0.4886	0.4362	0.8928	
M896_121700	1.8976	87.1	254.9	0.5281	0.5152	0.9757	
M896_121710	1.6982	147.5	431.5	0.5438	0.4664	0.8576	
M896_121720	2.6556	18.3	53.7	0.1276	0.3228	2.5305	
M896_121730	1.7796	28.3	82.7	0.5809	0.5011	0.8626	
M896_121740	1.8316	71.1	207.9	0.3740	0.4280	1.1445	
M896_121750	1.6813	47.4	138.6	0.2629	0.3269	1.2436	
M896_121760	1.6629	29.8	87.2	1.1534	0.5737	0.4974	
M896_121770	2.2111	26.7	78.3	0.2501	0.4179	1.6707	
M896_121780	1.7118	126.9	371.1	0.3943	0.4101	1.0401	
M896_121790	2.1678	65.7	192.3	0.3047	0.4569	1.4998	
M896_121800	2.0859	62.7	183.3	0.3222	0.4527	1.4050	
M896_121810	1.9034	188.0	550.0	0.5022	0.5066	1.0087	
M896_121820	1.9250	42.8	125.2	0.5857	0.5437	0.9283	
M896_121830	1.9939	83.3	243.7	0.4685	0.5156	1.1006	
M896_121840	2.0134	31.3	91.7	0.3101	0.4283	1.3814	
M896_121850	1.9729	39.0	114.0	0.4265	0.4899	1.1485	
M896_121860	1.9957	38.2	111.8	0.2710	0.3947	1.4566	
M896_121870	1.9821	121.5	355.5	0.4505	0.5041	1.1189	
M896_121880	1.8991	27.5	80.5	0.3789	0.4466	1.1786	
M896_121890	1.7566	45.9	134.1	0.4182	0.4323	1.0338	
M896_121900	1.8170	114.6	335.4	0.4903	0.4788	0.9766	
M896_121910	2.6835	50.4	147.6	0.4343	0.6717	1.5464	
M896_121920	1.4844	61.9	181.1	0.3846	0.3515	0.9140	
M896_121930	1.7438	21.4	62.6	0.3611	0.4006	1.1096	
M896_121940	5.4709	12.2	35.8	0.0308	0.2022	6.5670	
M896_121950	1.5964	9.2	26.8	0.5540	0.4416	0.7971	
M896_140020	0.8891	885.8	2591.2	0.1983	0.1460	0.7362	
M896_140030	0.9861	154.4	451.6	0.2745	0.1964	0.7156	
M896_140040	1.7441	29.0	85.0	0.3360	0.3867	1.1509	
